indicator,type,first_seen,last_seen,comment
aa.hostasa.org,Domain,10/29/2020,10/29/2020,c2
cdn.cloud2cdn.com,Domain,10/29/2020,10/29/2020,c2
www1.gggatat456.com,Domain,11/23/2020,11/23/2020,c2
p5.lpjulidny7.com,Domain,11/23/2020,11/23/2020,c2
ppp.xxxatat456.com,Domain,11/23/2020,11/23/2020,c2
p5.dddgata789.com,Domain,11/23/2020,11/23/2020,c2
ppp.gggatat456.com,Domain,11/23/2020,11/23/2020,c2
a-dns-google.com,Domain,11/11/2020,11/11/2020,c2
dns-google.org,Domain,11/11/2020,11/11/2020,c2
cdn.netflix2cdn.com,Domain,11/14/2020,11/29/2020,c2
cdn.search2c.com,Domain,11/14/2020,11/29/2020,c2
moleoster.com,Domain,10/23/2020,10/23/2020,c2
ddd.dddgata789.com,Domain,10/20/2020,10/20/2020,c2
uc.twjiasu.com,Domain,11/9/2020,11/9/2020,c2
aa.finance1num.org,Domain,11/24/2020,11/24/2020,c2
cdn.finance1num.com,Domain,11/24/2020,11/24/2020,c2
baidu.gddos.com,Domain,10/12/2020,10/12/2020,c2
pcdown.gddos.com,Domain,10/12/2020,10/12/2020,c2
soft8.gddos.com,Domain,10/12/2020,10/12/2020,c2
www.911ddos.com,Domain,1/6/2021,1/6/2021,c2
xo.lzjxn.me,Domain,11/10/2020,11/10/2020,c2
ww.search2c.com,Domain,12/10/2020,12/10/2020,c2
ww.myserv012.com,Domain,12/10/2020,12/10/2020,c2
kill.2019fly.com,Domain,10/26/2020,10/26/2020,c2
p2.sb1024.net,Domain,10/26/2020,10/26/2020,c2
p2.2019fly.com,Domain,10/26/2020,10/26/2020,c2
p2.fly1989.com,Domain,10/26/2020,10/26/2020,c2
p12.2017fly.com,Domain,11/9/2020,11/9/2020,c2
k1.2018fly.com,Domain,11/9/2020,11/9/2020,c2
p12.sb1024.net,Domain,11/9/2020,11/9/2020,c2
p12.2018fly.com,Domain,11/9/2020,11/9/2020,c2
8uc.linux1.cc,Domain,11/2/2020,11/2/2020,c2
aaa.dsaj2a.org,Domain,11/5/2020,11/5/2020,c2
ww.dnstells.com,Domain,11/5/2020,11/5/2020,c2
ww.gzcfr5axf7.com,Domain,11/5/2020,11/5/2020,c2
ww.gzcfr5axf6.com,Domain,11/5/2020,11/5/2020,c2
wowapplecar.com,Domain,12/19/2020,12/19/2020,c2
topbannersun.com,Domain,12/19/2020,12/19/2020,c2
navicatadvvr.com,Domain,12/19/2020,12/19/2020,c2
shaoqian.f3322.org,Domain,11/6/2020,11/9/2020,c2
gh.dsaj2a1.org,Domain,11/6/2020,11/9/2020,c2
suc80.twjiasu.com,Domain,11/24/2020,11/24/2020,c2
benniaogg.benniao.date,Domain,11/24/2020,11/24/2020,c2
suc80.linux1.cc,Domain,11/24/2020,11/24/2020,c2
rouji.pincco.cn,Domain,11/24/2020,11/24/2020,c2
a381422.f3322.net,Domain,11/19/2020,11/19/2020,c2
aaa.xxxatat456.com,Domain,11/16/2020,11/16/2020,c2
aaa.gggatat456.com,Domain,11/16/2020,11/16/2020,c2
gatat456.com,Domain,11/16/2020,11/16/2020,c2
navert0p.com,Domain,10/23/2020,10/23/2020,c2
wangzongfacai.com,Domain,10/23/2020,10/23/2020,c2
gyw.f3322.net,Domain,11/14/2020,11/22/2020,c2
radarsubmissions.apple.com,Domain,10/21/2020,10/21/2020,c2
p.assword.xyz,Domain,11/4/2020,11/4/2020,c2
q66.f3322.net,Domain,12/10/2020,12/10/2020,c2
www.gggatat456.com,Domain,10/23/2020,10/23/2020,c2
www.xxxatat456.com,Domain,10/23/2020,10/23/2020,c2
p6.sb1024.net,Domain,10/27/2020,10/27/2020,c2
p6.2018fly.com,Domain,10/27/2020,10/27/2020,c2
p6.2017fly.com,Domain,10/27/2020,10/27/2020,c2
wwww.negerf.com,Domain,11/13/2020,11/13/2020,c2
init-p01st.push.apple.com,Domain,10/14/2020,10/14/2020,c2
www.caiyundaifu.top,Domain,11/10/2020,11/10/2020,c2
linux.bc5j.com,Domain,1/4/2021,1/4/2021,c2
p5.2018fly.com,Domain,11/25/2020,11/25/2020,c2
p5.sb1024.net,Domain,11/25/2020,11/25/2020,c2
p5.2017fly.com,Domain,11/25/2020,11/25/2020,c2
syn4.f3322.org,Domain,12/20/2020,12/20/2020,c2
16.courier-push-apple.com.akadns.net,Domain,10/14/2020,10/14/2020,c2
loveliwenjing.f3322.net,Domain,12/3/2020,12/3/2020,c2
fuweishan.f3322.net,Domain,11/20/2020,11/20/2020,c2
ndns.dsaj2a.org,Domain,11/10/2020,11/10/2020,c2
ndns.dsaj2a1.org,Domain,11/10/2020,11/10/2020,c2
ndns.dsaj2a.com,Domain,11/10/2020,11/10/2020,c2
info.3000uc.com,Domain,11/10/2020,11/10/2020,c2
ndns.hcxiaoao.com,Domain,11/10/2020,11/10/2020,c2
p10.2017fly.com,Domain,12/2/2020,12/2/2020,c2
p10.sb1024.net,Domain,12/2/2020,12/2/2020,c2
p10.2018fly.com,Domain,12/2/2020,12/2/2020,c2
w.qq360bidu.me,Domain,12/9/2020,12/9/2020,c2
p4.fly1989.com,Domain,11/21/2020,11/21/2020,c2
p4.sb1024.net,Domain,11/21/2020,11/21/2020,c2
p4.2019fly.com,Domain,11/21/2020,11/21/2020,c2
ns1.hostasa.org,Domain,11/26/2020,11/26/2020,c2
ns4.hostasa.org,Domain,11/26/2020,11/26/2020,c2
ns3.hostasa.org,Domain,11/26/2020,11/26/2020,c2
ns2.hostasa.org,Domain,11/26/2020,11/26/2020,c2
p6.2019fly.com,Domain,11/14/2020,11/14/2020,c2
p6.fly1989.com,Domain,11/14/2020,11/14/2020,c2
103.223.120.131,IP,11/11/2020,11/11/2020,c2
103.25.9.228,IP,11/11/2020,11/11/2020,c2
129.28.206.142,IP,11/1/2020,11/1/2020,c2
154.48.227.89,IP,11/14/2020,11/29/2020,malware host
172.81.99.16,IP,10/29/2020,10/29/2020,c2
34.249.145.219,IP,10/29/2020,10/29/2020,c2
103.233.83.245,IP,10/12/2020,10/12/2020,c2
98.159.110.69,IP,12/10/2020,12/10/2020,malware host
103.239.29.170,IP,11/17/2020,11/17/2020,c2
98.159.110.44,IP,11/13/2020,11/30/2020,malware host
98.159.99.26,IP,11/13/2020,11/30/2020,malware host
184.28.221.112,IP,1/7/2021,1/7/2021,c2
23.194.118.240,IP,1/7/2021,1/7/2021,c2
183.60.202.2,IP,11/6/2020,11/9/2020,c2
114.114.114.114,IP,11/24/2020,11/24/2020,c2
98.159.99.92,IP,11/18/2020,11/18/2020,malware host
183.56.173.156,IP,11/19/2020,11/19/2020,c2
183.60.149.214,IP,11/14/2020,11/22/2020,c2
98.159.110.72,IP,12/10/2020,12/18/2020,malware host
23.194.118.47,IP,10/21/2020,10/21/2020,c2
184.28.221.115,IP,10/21/2020,10/21/2020,c2
255.255.255.255,IP,10/21/2020,10/21/2020,c2
203.12.202.137,IP,11/4/2020,11/4/2020,c2
5.39.28.138,IP,11/14/2020,11/14/2020,c2
5.39.28.139,IP,11/14/2020,11/14/2020,c2
5.39.28.136,IP,11/14/2020,11/14/2020,c2
5.39.28.137,IP,11/14/2020,11/14/2020,c2
51.89.70.87,IP,11/14/2020,11/14/2020,c2
51.89.70.86,IP,11/14/2020,11/14/2020,c2
51.38.200.187,IP,11/14/2020,11/14/2020,c2
51.38.200.186,IP,11/14/2020,11/14/2020,c2
51.38.200.185,IP,11/14/2020,11/14/2020,c2
51.38.200.184,IP,11/14/2020,11/14/2020,c2
51.68.183.111,IP,11/14/2020,11/14/2020,c2
51.68.183.110,IP,11/14/2020,11/14/2020,c2
145.239.223.18,IP,11/14/2020,11/14/2020,c2
145.239.223.19,IP,11/14/2020,11/14/2020,c2
51.77.240.164,IP,11/14/2020,11/14/2020,c2
51.89.34.14,IP,11/14/2020,11/14/2020,c2
51.89.52.15,IP,11/14/2020,11/14/2020,c2
51.89.34.12,IP,11/14/2020,11/14/2020,c2
51.89.34.13,IP,11/14/2020,11/14/2020,c2
180.235.138.137,IP,12/10/2020,12/10/2020,c2
103.97.128.86,IP,11/12/2020,11/12/2020,c2
184.28.221.104,IP,12/9/2020,12/9/2020,c2
54.171.230.55,IP,11/10/2020,11/10/2020,c2
23.253.46.64,IP,11/15/2020,11/15/2020,c2
51.68.183.108,IP,11/15/2020,11/15/2020,c2
51.68.183.109,IP,11/15/2020,11/15/2020,c2
51.89.70.85,IP,11/15/2020,11/15/2020,c2
51.89.70.84,IP,11/15/2020,11/15/2020,c2
51.89.52.12,IP,11/15/2020,11/15/2020,c2
51.89.52.13,IP,11/15/2020,11/15/2020,c2
51.89.34.15,IP,11/15/2020,11/15/2020,c2
51.89.52.14,IP,11/15/2020,11/15/2020,c2
154.127.52.195,IP,1/4/2021,1/4/2021,c2
123.249.12.34,IP,1/1/2021,1/1/2021,c2
222.186.3.172,IP,12/3/2020,12/3/2020,c2
183.56.173.148,IP,11/20/2020,11/20/2020,c2
103.240.141.50,IP,11/10/2020,11/10/2020,c2
112.213.127.156,IP,12/7/2020,12/7/2020,malware host
66.102.253.30,IP,12/24/2020,12/24/2020,c2
172.81.99.161,IP,11/14/2020,11/29/2020,c2
173.254.217.214,IP,11/14/2020,11/29/2020,c2
222.186.128.172,IP,12/27/2020,12/27/2020,c2
005e8f0f2bc8aadf5da62477c25e7c1af428a7c7d4916944c02c8af8228fca0d,sha256,10/29/2020,10/29/2020,XOR.DDOS payload
00a1ca021d12694dc6a994aaaf0386c0c0d530e37a04e1585eab77cec1b28db3,sha256,11/23/2020,11/23/2020,XOR.DDOS payload
00f16ab3fd3992c7a34019077e955290d9cba618e45bb802e6b12f64b572c43e,sha256,1/4/2021,1/4/2021,XOR.DDOS payload
013a045d0b487789e58010e9354d65ae5619d6be09907c202719f4262a2dcdce,sha256,11/11/2020,11/11/2020,XOR.DDOS payload
016cf69184530c7c45ce54ab95612f686863eb2765dbab8cc10b27b94a3fc35a,sha256,11/1/2020,11/1/2020,XOR.DDOS payload
01748ede9c00ab6913f54c5b7f821bef4c8414a87eb4f854a134756fa75662c5,sha256,10/14/2020,10/14/2020,XOR.DDOS payload
0197963c03ec3f34852d5adc96841f3307a760f5d419b6be29c57041fd5ddb5b,sha256,11/29/2020,11/29/2020,XOR.DDOS payload
02d5ee82e4c8f20f10712565db8e19e672df21b3b13ebc671b59b726e7370e04,sha256,11/14/2020,11/29/2020,XOR.DDOS payload
02f4176b55067b140381869b5b3e210ae8f1e5df2d467b80b0be4ff6a755c114,sha256,10/23/2020,10/23/2020,XOR.DDOS payload
03b30395913a748bd1df43b227dc34b94d2878d0c0a18213de8c90ea05a38262,sha256,10/15/2020,10/15/2020,XOR.DDOS payload
0557e678d5722a77fa45e77a2dda54a52337b70182d520e57051c5ac60e455b2,sha256,10/20/2020,10/20/2020,XOR.DDOS payload
0600e16c8cc1e99bb6371834507c2702997443952b4660c8bfdd2ca8d3fd9175,sha256,11/9/2020,11/9/2020,XOR.DDOS payload
06439e6a2cecd408986f22d24a0c752814379244af42957edefc9dc7892764f4,sha256,11/6/2020,11/9/2020,XOR.DDOS payload
0966772a344492d9a29a7493e65942f445cb4d954a69f4737e4b1aed4d9158f0,sha256,11/24/2020,11/24/2020,XOR.DDOS payload
0a114834963787e37260ccaf2819fb38d7e1e3516815d04e7fa9668897de5f05,sha256,10/29/2020,10/29/2020,XOR.DDOS payload
0a538446f90f90e365f8417fb4b946adfcd54a8a774f5fb76edb03f33149edb4,sha256,10/12/2020,10/12/2020,XOR.DDOS payload
0aa84ed7a30a76afed647e5e625901fa9db5bc6e8454d6d3370aadca04823203,sha256,10/29/2020,10/29/2020,XOR.DDOS payload
0acd6597bffceea864762a7895abeadb9e69208851d6beb21777815c01f98d62,sha256,10/15/2020,10/15/2020,XOR.DDOS payload
0de5e120c825a8d92fa60d4f1a1ec1a5b074e5c4b6162a9dc4e49437cb923644,sha256,1/6/2021,1/6/2021,XOR.DDOS payload
0e0187225a7f29312cb45a960dd9be75778ace8e461fdc7ccbf3408c3553e11b,sha256,1/1/2021,1/1/2021,XOR.DDOS payload
0ec2bb0661b3457004bfb5910fc25483ebb907193b402a38da2c8eb02388b6d2,sha256,10/23/2020,10/23/2020,XOR.DDOS payload
0fb37bb46708382fd0cc03e6df189f3d545e4582daabd592259f2b33ef254bda,sha256,10/20/2020,10/20/2020,XOR.DDOS payload
0fe2cc521665db5f5760b2ee3fc55bcef3da60c14b3e9b3d295d560492b65799,sha256,1/6/2021,1/6/2021,XOR.DDOS payload
1170d8d04c9202779f56d8b42d7ff4beb7568d3170e009a4b7ead98ac667eeb4,sha256,11/10/2020,11/10/2020,XOR.DDOS payload
1191a060a30c4f474afbd71c6756cb2c241b9831d55ed2a1d08e4a1845c02d32,sha256,12/10/2020,12/10/2020,XOR.DDOS payload
12c566d327d29fcd4d1c31b337d525a3581018bb8b626c7e1e0483e52bd2f77f,sha256,12/17/2020,12/17/2020,XOR.DDOS payload
131e46fb8d5ba48064f4e76d7b636a78bdb8f795adae6dd587d5a53960073b0a,sha256,11/24/2020,11/24/2020,XOR.DDOS payload
15a9fd1f3b73f954ea28c2964ca43495190878a7660cc80b04daa607a2660e94,sha256,12/29/2020,12/29/2020,XOR.DDOS payload
17cbc6b8782cac6a920c6ec6c3b2a48e95c96befd7db5b3670b05af47e75f8ae,sha256,11/15/2020,11/15/2020,XOR.DDOS payload
180ae7c2e55fdc99f270ed3f5106331744cc1b4502d60ba84846bac5f00c61af,sha256,12/5/2020,12/7/2020,XOR.DDOS payload
183c88899e357b4149fa8aa3797d548e32153f1ff9eea28b89ae99fda47652ef,sha256,10/29/2020,10/29/2020,XOR.DDOS payload
1854ef6bf33c3685272afd091dba6c0f3ce9a00fc776106ab77fb7c77dd0dc44,sha256,1/7/2021,1/7/2021,XOR.DDOS payload
18b31ca77173572a2717966bc84e61f8989ef59d4263d88887380f1d452feb5c,sha256,10/26/2020,10/26/2020,XOR.DDOS payload
19218d14a1a0c1f95bb1db6b48e7f0e44f768747886bb5b5ff71feed111bb7a9,sha256,11/26/2020,11/26/2020,XOR.DDOS payload
1a9793293d4de657764afbbe82f2264c9ce733c540d30e60af8a587ef920e7e2,sha256,1/7/2021,1/7/2021,XOR.DDOS payload
1babfb2161351bc4dbafbe6e3be4cef4e4bfc4fe5de005ce89ed36f5ecd272f3,sha256,10/20/2020,10/20/2020,XOR.DDOS payload
1c57566789e6b4bc3a2cb0d692b0e855dd9b5208fef8f784f7ff3d6f3b7ad796,sha256,1/1/2021,1/1/2021,XOR.DDOS payload
1ce9869010f845403323d3cc8c6914fa92224d64cbdbff880c7dc9bfe5450048,sha256,11/9/2020,11/9/2020,XOR.DDOS payload
1daf5fb0026227d332dae4bc9025392ea287222b8b7d37e390daa4b1bd6de49b,sha256,1/4/2021,1/4/2021,XOR.DDOS payload
1dfc97f746e8f338c48ad684949295bdd1e6de40f976caa90e04d71cf90b2183,sha256,10/26/2020,10/26/2020,XOR.DDOS payload
1e463fbd5bc297f3c1fcbca57adbbb4f9e5739f7423d5811bb151a2ce53bdb4a,sha256,12/1/2020,12/20/2020,XOR.DDOS payload
1e701b31bc1623de94213ef8f6a8acae7e21774d57f4d971ee123b0987133698,sha256,11/7/2020,11/7/2020,XOR.DDOS payload
1fbaa16f4a2dfbf446f713295c16280a21e6429b5c16fbd52701cfc46b47ce0b,sha256,11/2/2020,11/2/2020,XOR.DDOS payload
1fbd33122baa2b69157beb6415c08687718416244735ff6f3670eedad23cf577,sha256,11/21/2020,11/21/2020,XOR.DDOS payload
2043c75605c39b46aadf5a3b20a1a3eb8d913cf8fc84e7ea0d774b2c65feb88a,sha256,11/5/2020,11/5/2020,XOR.DDOS payload
214dfab12cb1644c7185efe77665c7fd8945b5cfa0851a8b0835a692db07c365,sha256,11/13/2020,11/13/2020,XOR.DDOS payload
2169acb0f58c70257941297efdf1192ed310ca1ad5093b9e1daa65457acb8bcd,sha256,11/23/2020,11/23/2020,XOR.DDOS payload
2199d62e2e08e04e7dd61b623f1bf1902544c150c7055d3378a0cf8689787a1f,sha256,1/2/2021,1/2/2021,XOR.DDOS payload
21b35e8b9d5c1c9c07c19cdd47d7a11b1ee5abc97a4cfa948034ea2c9e629dac,sha256,1/8/2021,1/8/2021,XOR.DDOS payload
224eea24ca3fecf7a1f76bfef8893710753d50084cf6be6735b3bdae19b733eb,sha256,11/12/2020,11/12/2020,XOR.DDOS payload
2348cabbac49d46f5a1110c1a4b4690ec2c6cbad265c5038cda969303161e108,sha256,11/17/2020,11/17/2020,XOR.DDOS payload
2412adbb0286f6dc83de8acbd9e210ea6f746f744cc6b4594bc7e32b60b4810b,sha256,12/24/2020,12/24/2020,XOR.DDOS payload
26250f9bb73bd0b68167e0aa06f4498dedc3c093a1f897f5055ceeb15eddb5d7,sha256,1/7/2021,1/7/2021,XOR.DDOS payload
26c6e372b641ccc558cc7bf4088ee02a907628f0c85bedaf0a205302489fe0b6,sha256,11/13/2020,11/30/2020,XOR.DDOS payload
286c77b67ea382dc89e974a716488a9c7f48e12b76b82ac468495312c19b625e,sha256,12/19/2020,12/19/2020,XOR.DDOS payload
28a4f7366ce9da1f1572167c89c99bdcd7c40b2940529610b64e1c9ab1d00aa1,sha256,1/4/2021,1/4/2021,XOR.DDOS payload
2900faeb69572ebb4509efc18cdfa46b29b5591a3400cbe5877731327c0b0682,sha256,10/28/2020,10/28/2020,XOR.DDOS payload
2964fc4d53219416aff41128d908fdf83520da31ab5d0f9fff87bbee3721f139,sha256,1/7/2021,1/7/2021,XOR.DDOS payload
297a116649b69d0393a70c4a69282da8f74f88e4eb64fbc2c77c82cce1b8adc4,sha256,1/4/2021,1/4/2021,XOR.DDOS payload
2a226ba6a49db4248668282d3ba63f808a86d82fdd38975be45bb91337c4995c,sha256,11/24/2020,11/24/2020,XOR.DDOS payload
2b48c089ea4c092535a56ea211dda85ee480cf8d62d4e30c83e492cf5ff2fc8e,sha256,11/6/2020,11/9/2020,XOR.DDOS payload
2f9bbcab24874cc5b5b5ae5363f60574657a79b3b70b22a344ed8a806aa12365,sha256,11/24/2020,11/24/2020,XOR.DDOS payload
30b223acd70f478f2d8096f9429ead555bcc11114b177ae50362e7375444b85b,sha256,12/6/2020,12/7/2020,XOR.DDOS payload
3204dd337e134520aab486003fca7906c53768d64d0f36c10de07886a7b901d0,sha256,11/5/2020,11/5/2020,XOR.DDOS payload
3308f3cde6c464ef569f5982e581cce62d6baa7222792e25c56a42facd23908a,sha256,1/6/2021,1/6/2021,XOR.DDOS payload
34adefa4b620b447b33220f1c1730a489a529692b26c53dbc39bc28d4d4bfe11,sha256,11/24/2020,11/24/2020,XOR.DDOS payload
35bc8d41eb573e8553bb7be33ab0b2ca1ce3b87842e8f6e8f383e6f13b57d9e5,sha256,12/10/2020,12/15/2020,XOR.DDOS payload
35c739b6732fdc9397e3bc6409fce7c981e30f3d3e79c04da00b8cd3fe260905,sha256,11/9/2020,11/9/2020,XOR.DDOS payload
37223363d28258f3f3dc20188cf7eb59ec4ce39a43df36ecf51b83aeb2cd0d69,sha256,12/8/2020,12/8/2020,XOR.DDOS payload
3857ec45b8908a849d67543f86be14cda6ece1ec1f2b17e65590648078a60aed,sha256,1/3/2021,1/3/2021,XOR.DDOS payload
388c2a939602957bf179a8cc7b51ed31a049deac5e972c340624434527ccb756,sha256,11/13/2020,11/13/2020,XOR.DDOS payload
39384f07c909fab73c169cf720ae211223ce08233190e32071e96b27871af38d,sha256,11/21/2020,11/21/2020,XOR.DDOS payload
3998babd4ff6b377ae049d8574b9b205bb6430bcd0256dd2f0e587399dc81efe,sha256,11/18/2020,11/18/2020,XOR.DDOS payload
39bb2b0b7de075dbb5769b3572fa8aca01ddb938feddf892472eca5b1d542b2e,sha256,10/30/2020,10/30/2020,XOR.DDOS payload
3a1e21181de53e362daccccbfd0a78b0e022aa7bd6d0e2d6049b05cac3e780e3,sha256,12/1/2020,12/1/2020,XOR.DDOS payload
3ae76ca8d1930cc3500a72ad6dd7a49baa3d3b42deaa900665589081547f3d84,sha256,11/10/2020,11/10/2020,XOR.DDOS payload
3b7202374df521a5d0a12d42058fc0dd2782c6123d990621dbd8a5549f91caad,sha256,11/10/2020,11/10/2020,XOR.DDOS payload
3c9b5024adfce67f80fdf5ed1362484d7fc88080d5e660484ec3249180b331be,sha256,11/21/2020,11/21/2020,XOR.DDOS payload
3d226e33b07df891444c651992e2c447eda16905101f10aa225139f34b70cef8,sha256,11/12/2020,11/12/2020,XOR.DDOS payload
3e1c2be978cf78244516a32ed91071be35542605abe30f4b5a957f93a8678130,sha256,11/4/2020,11/4/2020,XOR.DDOS payload
3e23f51eb0fa88283ce5e08aa417ceeadc470d4108e7027f207118af98477ae0,sha256,1/6/2021,1/6/2021,XOR.DDOS payload
3ea73aa9f4b641587dee08bcf98c4ad4927dbd93146aff7e41dcde82f88bfc40,sha256,11/19/2020,11/19/2020,XOR.DDOS payload
41e8f6a01b71d0ef7317a8d23a8d830907ced59ccfe83fce70ec0b7fb95fb682,sha256,11/10/2020,11/10/2020,XOR.DDOS payload
424d81b314354655ce86b0fd57dea352b8b77e8e1cc0600979fde939ec1b523d,sha256,12/11/2020,12/11/2020,XOR.DDOS payload
427cda6d5f731bda49960f259441b61cd6763653306df311648463830e5480ed,sha256,11/15/2020,11/15/2020,XOR.DDOS payload
42a3ce5d974ee838cb2020cddcf653812c66e8fdbb8e8cfc6ce26f641098ec48,sha256,10/21/2020,10/21/2020,XOR.DDOS payload
43c6a5533b13defb5ab4bce84ac7fd9d8af5cb625712b34868e8d41b0ade8f60,sha256,11/6/2020,11/9/2020,XOR.DDOS payload
44046ce4a3a47b4d22ac7697817bfc16e18d835a33f0898c3e4df359c33d158c,sha256,12/9/2020,12/9/2020,XOR.DDOS payload
450032c7da6bcc0f7467a83411cf52f238946142f4192ae833aa8d2285eb9526,sha256,11/12/2020,11/12/2020,XOR.DDOS payload
45f25d2ffa2fc2566ed0eab6bdaf6989006315bbbbc591288be39b65abf2410b,sha256,11/16/2020,11/16/2020,XOR.DDOS payload
46bd8abac5d38a1cb95354c77853c17b0fa7dc0593cad3c04583631e79caa87e,sha256,11/19/2020,11/29/2020,XOR.DDOS payload
46e2328b324b62a9b0dc0b381795298d278c493bb99baa6f20f0ee837cf93934,sha256,11/4/2020,11/4/2020,XOR.DDOS payload
46ee41816f588fa34ff59a05e870101da1da44d4ce264fd4b391f3ab3df8ae27,sha256,10/23/2020,10/23/2020,XOR.DDOS payload
473002574322d2a2a66fd612953929166266f4ae71cf7985b6b52a0d81809ef0,sha256,12/19/2020,12/19/2020,XOR.DDOS payload
47807fda20e8bd1ad6bd562250db80d5a03f74249e55c95e9a0397f79dbe3e8d,sha256,10/24/2020,10/24/2020,XOR.DDOS payload
47c7f3e1e487ba5a55c4422e94e01efd3c2ad43d56c6138c1721fd6b0fa45736,sha256,11/14/2020,11/22/2020,XOR.DDOS payload
48c1f1974390de76e034d1d4919c1ce9ad79e0c41155ff5fe20ac15a6e293c87,sha256,1/2/2021,1/2/2021,XOR.DDOS payload
495596e239cc21c15f05beefd3ab8086628d165e5126b8fc0a2e8fa00336d904,sha256,11/23/2020,11/23/2020,XOR.DDOS payload
4968332f7826e4fb516b897b33b1a137a31bbf4c53d229d8ef2e4655582753e8,sha256,11/21/2020,11/21/2020,XOR.DDOS payload
4b9d313aebc8c39af3930557ad5763c52f2c08ed42e7b6599aa166e189584f7a,sha256,12/21/2020,12/21/2020,XOR.DDOS payload
4bb29abdff5a6a14c31a9d38c4484eb26b3b927646aab0f7b7389be553ce9fd7,sha256,11/10/2020,11/10/2020,XOR.DDOS payload
4ce29cdd6f2106be3324fc3ba1d77234511ecb04611a11c098743658c9c4c1d8,sha256,11/25/2020,11/25/2020,XOR.DDOS payload
4d2f0694713cae8eca2667675d065325c7ecc7aab3170fc1c4706cccfd4fd42b,sha256,11/12/2020,11/12/2020,XOR.DDOS payload
4d3153312eb9675cf6da88e68ae603021683315b99a10a7ebe9977ad736d5e38,sha256,11/12/2020,11/12/2020,XOR.DDOS payload
4de61dc2919bee27e5e37d3d70b41257a44511c54b59e0c074fa4a2831b80d37,sha256,10/21/2020,10/21/2020,XOR.DDOS payload
4df3251b21bd8df3c7dcd9963394608d2d16120bd92abcbcac1c719ee0f2993b,sha256,11/10/2020,11/10/2020,XOR.DDOS payload
4e475d5cf1f8bd8886b2e29e6a174ced3f5574d35aec0a8eedfd70a99259050b,sha256,1/2/2021,1/2/2021,XOR.DDOS payload
4e51204a5b7de020f0961c9fef87ae94f7bdfeb1fe0d298575e96fab450a4e2e,sha256,10/23/2020,10/23/2020,XOR.DDOS payload
4e7b23d969da2bcdc57871216a372a3eb3cfb510eb791f7a333167ae829efdc8,sha256,11/9/2020,11/9/2020,XOR.DDOS payload
4ed261e47303fe842557fa9797de873c28bc6579f8e63486a1431d5de622ac3a,sha256,12/10/2020,12/18/2020,XOR.DDOS payload
4f9c94283a7bb2b506569333f3b0e64b03809ac69eda058e7bda6237fb6fb691,sha256,10/21/2020,10/21/2020,XOR.DDOS payload
5057c486192ad8a32cb0a033774c292cf16f1f90ab5e4062ad353c310b6d867a,sha256,12/24/2020,12/24/2020,XOR.DDOS payload
53b3091de483d0fee4eed31bf1a44370925eb83aa8125d82b733ce30463fbeb4,sha256,1/6/2021,1/6/2021,XOR.DDOS payload
54340545e2a3ac7b22ae8ec3271cbd7458833c2950a74e2966f8f51b4d587a7e,sha256,11/4/2020,11/4/2020,XOR.DDOS payload
55203f6045588089eb709c6f65c4d94cdd9bc2a725fb98eb625f79dd71dad9cd,sha256,11/24/2020,11/24/2020,XOR.DDOS payload
552a631cbe480913f42d61e0cdf6a4559705a51979d9792eaa08a2905f9b80bd,sha256,11/14/2020,11/14/2020,XOR.DDOS payload
56117bb3ed3daa029a4fc2379c07cd3b6530ce0a924b02f96bf76c45a2ad5946,sha256,12/10/2020,12/10/2020,XOR.DDOS payload
564d089532cf709dec9c4beed524f7b2e1a1ec923dac75da80ce22f9354b4149,sha256,11/20/2020,11/29/2020,XOR.DDOS payload
5685db28932e962437b6c82acadd65036ef27288613d865bd44a29b96a41093a,sha256,10/13/2020,10/13/2020,XOR.DDOS payload
589ddf0390ab8092aefa2e62980d5e9d5bbd3d0e0a9e0c15c8e6bbe308a70bb9,sha256,11/15/2020,1/6/2021,XOR.DDOS payload
59137634d89b6d1509bf203a0527d569a4fbc0592a18575a256cb183580a1c32,sha256,11/18/2020,11/29/2020,XOR.DDOS payload
5acd2875108b1fa3796cd0407ce4ac823189990a4c47eb489ed9a50811a4afdd,sha256,1/3/2021,1/3/2021,XOR.DDOS payload
5f5bb2df257fe4181562af0e14b0e66f0229fdeeeafe02b39693a901fd4a776e,sha256,12/29/2020,12/29/2020,XOR.DDOS payload
5f974a9c4115a04fb37385df2ab2963065c756b12309a9a532b7f3a9b5ef2b1f,sha256,11/10/2020,11/10/2020,XOR.DDOS payload
614c35c9cbdd4bdf5b74d6db8a37c6925871f7607ec84523f0d35d468436b0c4,sha256,10/28/2020,10/28/2020,XOR.DDOS payload
617ad8d20f91de79eb8f0e1c63c3ed2776bbfa3fcce98b2b3d93308fad3bc171,sha256,11/12/2020,11/12/2020,XOR.DDOS payload
6189c7377d52f9679432ec61aaaaf8c21494a5e6e7d6db5d080080ed6624e412,sha256,11/21/2020,12/7/2020,XOR.DDOS payload
63031889ef9383c24f72f57fcadd33d23bd72cf57fc855e6dfda69395097a523,sha256,10/23/2020,10/23/2020,XOR.DDOS payload
63f824185210569b4524ed9af24c49ff7800fb63de881c9924a032d77fd14849,sha256,12/21/2020,12/21/2020,XOR.DDOS payload
6403aff5411256f3f32700ab7242ed18823b2af0d28039ef47df2f8e0b859617,sha256,11/10/2020,11/10/2020,XOR.DDOS payload
64689bc9d3e869b225bb9470e2e19d22d6117f16b1358e2cf1c5e37ccb58be24,sha256,11/12/2020,11/12/2020,XOR.DDOS payload
64d9a7a3cd1162cc6bbdf2ce5659e91870afa50031077bd81faa51b0d4dbd642,sha256,12/27/2020,12/27/2020,XOR.DDOS payload
65a94978d7a54396028028abbcdca5c3c29d4491d1f09bc3f86121fc4e1302a0,sha256,11/11/2020,11/11/2020,XOR.DDOS payload
65dd737bdeb34fbfae994bc98337e6541014244c056fc4478bc8a4776844aea5,sha256,10/26/2020,10/26/2020,XOR.DDOS payload
66456e0e07119668d2dcb729dad9320b3fef51ed51261e5d0577da14e7296fee,sha256,12/26/2020,12/26/2020,XOR.DDOS payload
66cabf203479716a8bdbacbc22037d83a6ad57d8a02b16bbedbdf69820b01c42,sha256,10/20/2020,10/20/2020,XOR.DDOS payload
677207b69ca7fb34f344b258cef809e05368f2575d1627146544891a85b88520,sha256,12/26/2020,12/26/2020,XOR.DDOS payload
67a5c6dd8fcf6df7ecc1d46f5e38d739a15837f8e42ca731faff08f8be66d833,sha256,10/16/2020,10/16/2020,XOR.DDOS payload
68387337a8f5e05e814881b223091088fc75565367976bc5e470684346914503,sha256,12/5/2020,12/5/2020,XOR.DDOS payload
694012cb3db9658af6859914beed4440ac2689ecc26a6a0b0d4cf869c6308a6d,sha256,12/8/2020,12/8/2020,XOR.DDOS payload
6945f9c1936bd48c84c59c4a38c8da971d7afd9337c56510db5cfebf94be691e,sha256,10/27/2020,10/27/2020,XOR.DDOS payload
6a04dd28e016bbc50938a2faa93430716c9eb4c14b7adc6ccd5de43defd601d6,sha256,11/13/2020,11/13/2020,XOR.DDOS payload
6b3ca179e992ceca59d0b996693b2cc279c0329124f7629be0aa7f2372d1ec46,sha256,11/29/2020,12/14/2020,XOR.DDOS payload
6b5321c10fd6e1f59bc9884b0db5fcfad62a43b8580318e6441cedd7f2a20bda,sha256,12/10/2020,12/11/2020,XOR.DDOS payload
6cba79cb4399f328af5b871b1b4e0f8a22693aa1a2c30ac4cc3af8cadf4f1ac5,sha256,11/18/2020,11/18/2020,XOR.DDOS payload
6d9cfb6e38a2368c37a7e3830831861a0af6f4443860524a9be9b52c0c58ceee,sha256,1/9/2021,1/9/2021,XOR.DDOS payload
6e06996168d864a31df80de8863193fe2f0a91deaa37128000826448bb191d65,sha256,11/1/2020,11/1/2020,XOR.DDOS payload
701b464123b8d2502b134bc5ebac6eaa706c8b6ed7ef6d73f7e95199476ffc87,sha256,12/10/2020,12/10/2020,XOR.DDOS payload
70548d564ff9c7f38afb2d2ce070d7ab2aabeaf5351e666e2d1e0ec71a2b314b,sha256,10/30/2020,10/30/2020,XOR.DDOS payload
7107811008943e095fe82850400a549f0f49d9935a2a4c1739506d12a581b552,sha256,12/8/2020,12/8/2020,XOR.DDOS payload
7162e0535d8f050060b6e4c34989a586ee3fe4f578f2fa99580be76532cdf50b,sha256,10/29/2020,10/29/2020,XOR.DDOS payload
71904f975b0d9da1ebf1edc77e57a67eca1a4925edeec342d4d50f13759a4c81,sha256,11/1/2020,11/1/2020,XOR.DDOS payload
72a61d8964136d8e00a7683476a88a9def9aaf523e0b55084208bfe7f5930874,sha256,12/9/2020,12/9/2020,XOR.DDOS payload
733cc79e8cdd3b12cc492096867266278baffc986fd4952cf0a935ffc275399e,sha256,11/12/2020,11/12/2020,XOR.DDOS payload
7644d91fdd9d3d73fea50f2c30911d3514c41ec3878931e76382b4cce3bfc29c,sha256,11/17/2020,11/17/2020,XOR.DDOS payload
764533b29a853399de9ff134140e0befc2c599cd0db6b823af601d856bbb4c10,sha256,12/9/2020,1/5/2021,XOR.DDOS payload
78e4a777ec8023ec35146a61afbbf563f1db360cbfd62e763c006d52c8a1a47b,sha256,12/30/2020,12/30/2020,XOR.DDOS payload
798ec143472fc67c1676ea0e7fbb0de786a3e485410632da011430420dc70445,sha256,10/28/2020,10/28/2020,XOR.DDOS payload
7a967be4a597ba840cb8954e7a2fc47ec6296d0005599db365aa0114bd658f86,sha256,1/3/2021,1/3/2021,XOR.DDOS payload
7b5c79a9833b3aef15b5ae6ccf825a34f2942ceff4bf9faab0cc3ad979a64f17,sha256,11/24/2020,11/24/2020,XOR.DDOS payload
7bfc765bbd7ea27dfacd7123909364d91e7e4809c1c06885e26648a47d15be47,sha256,1/9/2021,1/9/2021,XOR.DDOS payload
7ce1e23e600f0d3844147ebf20e6863d85f4d688f5d6ecd8a5a43877b4f58a1f,sha256,11/10/2020,11/10/2020,XOR.DDOS payload
7d908cbc5d280df431ab47953aab2bd8f17a557e7f8f8831835d71cd1b81091a,sha256,10/12/2020,10/12/2020,XOR.DDOS payload
7df47bebcdd06d95c653f9f9fbd02444b7e4de18acbfabcd56d47eb8db6f6460,sha256,10/20/2020,10/20/2020,XOR.DDOS payload
7e7441cb86407d625b03619d2279dfbb7307b5c1442ef96cdafc00b524a7ac78,sha256,1/4/2021,1/4/2021,XOR.DDOS payload
7f39961eed2a878b79416f84480ed4d7919793e9020a35a4c71fae4d1f685bc2,sha256,12/20/2020,12/20/2020,XOR.DDOS payload
80e1eb0843f9eda4b3b7c2ae0d840715f64d467cbdd9a004a10193e0920c4d86,sha256,10/14/2020,10/14/2020,XOR.DDOS payload
8266f202630e4396fc1a79d513ee5ac050a4fa56f2538a8066094f2e339f6060,sha256,11/6/2020,11/6/2020,XOR.DDOS payload
8460dbe1261f9df90b3db8040034c56b40b3709c004643e713ff703c36560420,sha256,11/4/2020,11/4/2020,XOR.DDOS payload
84aeb8382f5976f54d49788dddd53109517d5af939b35632934f53b7a35a705e,sha256,11/24/2020,11/24/2020,XOR.DDOS payload
84c3e2995cc4bf1d149ea24d5885fabf34a2f361f05a26cd4e856f69ec068a26,sha256,10/14/2020,10/14/2020,XOR.DDOS payload
863a069f8d2cfb742356886013260a0a28029a152594e070f915db172eaa7f79,sha256,12/8/2020,12/8/2020,XOR.DDOS payload
8724dec0e45233733a414d2427a5b03f40caa4b8340feb0c5ae11878b872b924,sha256,12/8/2020,12/8/2020,XOR.DDOS payload
885b303de35ead9f4d240ceb311609a862c76d5913afe3b1fc90a867dc83377e,sha256,12/8/2020,12/8/2020,XOR.DDOS payload
896866ee10b01d03b89ab65e66c5bf7d4a59d1355c2fba482dea30a39e3dac8e,sha256,11/11/2020,11/11/2020,XOR.DDOS payload
899baefb55c2628a8325b20958927691f192760734fc1340b57f852d1ea26ce0,sha256,10/13/2020,10/13/2020,XOR.DDOS payload
89f0f396c745d4798fa32eb65196423f6c2374f935f43598666252cf61c56aa8,sha256,11/6/2020,11/9/2020,XOR.DDOS payload
8b00f14bbc6d392a7d421aa10ebfe30aaa96a886f0f778e779d3ed03d1ffd373,sha256,12/5/2020,12/5/2020,XOR.DDOS payload
8b1881578dcc7c42b7d314e82439029acc8c0eb06d09df6a4e237c549ce19d1f,sha256,12/9/2020,12/9/2020,XOR.DDOS payload
8b5069af4434739424665a5ccfb9579488fd0a1bf75531a129142e3841ae4c6e,sha256,11/12/2020,12/3/2020,XOR.DDOS payload
8bd1557331250a5ccc1461f50723c36f1ce0d3e5d1b8f64103a9f6af1701e7c7,sha256,1/7/2021,1/7/2021,XOR.DDOS payload
8bf738d6dcbfdb51e4d2b76b866fc2e6955092560b20d61ccc1b7166f4b285a7,sha256,12/5/2020,12/5/2020,XOR.DDOS payload
8ccf04da47e91113cbb90de9aedeaf8b0e6dc47850d84daa0e707c1ff7a2be87,sha256,11/9/2020,11/9/2020,XOR.DDOS payload
8d2471bd4ff560e88ae7143288bcac449b42369fd6fa3dfdf8ea82a0a8b6b537,sha256,11/10/2020,11/10/2020,XOR.DDOS payload
8d3b52174cc0f3b4d3849f8cdcb852998302f807fd6805afeb2e81d468d13471,sha256,11/16/2020,11/29/2020,XOR.DDOS payload
8da1c15f86847b9bd72ee8dd4f50892729746cbc617535cc764f9ff952d8b582,sha256,12/23/2020,12/23/2020,XOR.DDOS payload
8e801347dfc8e26f5bac859d61457af0814c2a85e8a2571a11bf8cffdf30e077,sha256,1/6/2021,1/6/2021,XOR.DDOS payload
8e98ff3a1f71eef962ef8cc9119cab0780da594eb126630c2226ee2f2047c918,sha256,11/10/2020,11/10/2020,XOR.DDOS payload
8f5f34ba740975c2306fe00657a15191cb5c2a5a8fc1379d0d7954b2f9346613,sha256,11/15/2020,11/15/2020,XOR.DDOS payload
8fe9326535485c7dcf4da9636e5b2675d888d7121ced13fbae837057f499ac2e,sha256,10/29/2020,10/29/2020,XOR.DDOS payload
9220ef60cfa42baf878486d160ff74c16f3239c980a621781d1e897974e665b9,sha256,12/8/2020,12/8/2020,XOR.DDOS payload
933e937265fc8f8f154561fc429fde7d66b9bcf630c5d38d2c1285f4c0c1e24f,sha256,10/14/2020,10/14/2020,XOR.DDOS payload
93e4b629a27c4afdef07e136da74b6df06318b341aa4874e0547af334e533786,sha256,12/30/2020,12/30/2020,XOR.DDOS payload
943dde9cc12a14db2e8ae682ef27a7af7a518c0eaacd98976e74b56b50cdadb2,sha256,11/9/2020,11/9/2020,XOR.DDOS payload
94b173aaba7d89b13d05393484ba13dab10f41cae459690e5b58fb0248aa49cb,sha256,10/13/2020,10/13/2020,XOR.DDOS payload
94f65930cf1dbb8f27b75c91865a87578749a34fde5ed8232b4f9b2947315b2e,sha256,11/23/2020,11/23/2020,XOR.DDOS payload
95486b30363e45284ad94e714980f553de413bb26637bd757e2857d8303f88e9,sha256,11/10/2020,11/10/2020,XOR.DDOS payload
977bb7023642a6f3f977720b19045b80ae1ae4ae3406021a8054d4b23557c54a,sha256,11/11/2020,11/11/2020,XOR.DDOS payload
97e47aa323ce2ef8ea19300658c27c58bc8328e912d1557ea1166b1ddd915b4b,sha256,1/8/2021,1/8/2021,XOR.DDOS payload
99c84a98d74f19b1a916865ed4ca8dedb3c82be8b6ed4ffd844b39d810795256,sha256,1/6/2021,1/6/2021,XOR.DDOS payload
9a9224fead5c744c62cc098b04607a17b79591d16accccd4faf4919853771852,sha256,11/6/2020,11/7/2020,XOR.DDOS payload
9b55d6acf738a30866e3e732ecc7ca1d9ab0b2a790e7f1b793554e5b6233c54e,sha256,12/2/2020,12/2/2020,XOR.DDOS payload
9b9f7e975ed47359a4d617dddd780de5e4ca52ba83246450eac69a3a7c7952bf,sha256,11/6/2020,11/9/2020,XOR.DDOS payload
9c9b44635b531390f8da75c338251266ed894acd23d3fd3377128fe645d65bbf,sha256,1/4/2021,1/4/2021,XOR.DDOS payload
9d0bb29ec8aae9f2506683646b9864409e71f4597f916402eb114749b2d4f4d3,sha256,11/4/2020,11/4/2020,XOR.DDOS payload
9d39e229c17eb6c672cf9cd240a844505bd99080839c1d390ae59cce972a03f8,sha256,12/15/2020,12/15/2020,XOR.DDOS payload
9e453210cca8752116afebd1224e4cf96c5feefa9bfadb51f591e6ad2d20371a,sha256,11/10/2020,11/10/2020,XOR.DDOS payload
9e769306e81452ccd69b8591e96ecc65217a461c3f62fc173ae08b80b769c9ee,sha256,1/1/2021,1/1/2021,XOR.DDOS payload
9ee1cedc6e29178eda4650456e4bfcf5a08ed6a5d3cb4fa2abee892cad65b4bf,sha256,11/13/2020,11/13/2020,XOR.DDOS payload
9fe0c7b51cb81c095e7fc93ec84d7b33c728e5d8ab48290636fba5e377ed09c2,sha256,1/1/2021,1/1/2021,XOR.DDOS payload
a0345417ae730c25e17da07916d843a313ab3519c7f1566f2d679a6376f79aac,sha256,11/18/2020,11/20/2020,XOR.DDOS payload
a1f58d3757cb725c8d173720e5a11a0e5a4b411a6ff1c5f60b8aaaa366c40eee,sha256,11/2/2020,11/2/2020,XOR.DDOS payload
a239acb5dae26f53e1b8fecae0890de843d4d046590d1a60a633cd94b6b90961,sha256,11/15/2020,11/15/2020,XOR.DDOS payload
a582453ad3adbdcca0c8fdc8a367908360867c1413225ce8e0686bcf9d5e676e,sha256,11/10/2020,11/10/2020,XOR.DDOS payload
a5c40897c0fee4ed340da9d424f8dc2b22e9779ef70a2fbdbd5fa18f464953cb,sha256,12/1/2020,12/1/2020,XOR.DDOS payload
a6437eee066bcb1df9a392b61d7fa554712f2e2ba6ecc418e2f2a387e272d5a7,sha256,11/10/2020,11/10/2020,XOR.DDOS payload
a64bd71bbf5cfae6691a2c975ac21072806e51521ca0c8085be9c85492b81835,sha256,11/12/2020,11/12/2020,XOR.DDOS payload
a6b995e395e962de9b18561cf0f75401c60e51419fd97c9bbfb9b79cc8ae84d8,sha256,11/15/2020,11/15/2020,XOR.DDOS payload
a77087956458009d3c40852e10cffbd72cfa3d1251a976618380f49ecb12b716,sha256,10/19/2020,10/19/2020,XOR.DDOS payload
a81cd5192b293c6d1a59a53e7f6d32538093a193f69ca21a8022edbbd4fa424f,sha256,10/14/2020,10/14/2020,XOR.DDOS payload
a834a3e1c7b3bb3b304062df2654f89831c7459f13b89db2715e9c3f1b020735,sha256,10/23/2020,10/23/2020,XOR.DDOS payload
a89118764c3c264b3a6665b23591c9cc6ca56609cbf1281d11c6cf21de818c00,sha256,10/14/2020,10/14/2020,XOR.DDOS payload
aabe08d464faa972931497affed64a216d1ec1dd3d7868271b7dc9eb62d1db67,sha256,11/10/2020,11/10/2020,XOR.DDOS payload
ab3ea035c2b3f310cd0c5d54e0e3f113db02c8c3d83a33a71d3a207595d99f29,sha256,10/16/2020,10/16/2020,XOR.DDOS payload
ab54252ee97efdf06dc566241e0cb0e78df96e96afe15a1f4563557966fb23bc,sha256,1/4/2021,1/4/2021,XOR.DDOS payload
ab6efee3dc69eebb9f415dc4344804d3e70d3729ef2fcad6e0facf6fd6b177bf,sha256,11/11/2020,11/11/2020,XOR.DDOS payload
ac1d1ec4d3d3ec35513618e04480056f8b9b53bc6a6dff3960f855eb39665b8c,sha256,1/4/2021,1/4/2021,XOR.DDOS payload
ac44add349c963ae7ab23b54cab01e000bbbdb9c10db93b085bc2f7106cc0ede,sha256,10/18/2020,10/18/2020,XOR.DDOS payload
ada1e6dc4ebc52bb24ae00111b4cb32d5c5ad3ff1f91845edcd9669adc7c21fb,sha256,10/14/2020,10/14/2020,XOR.DDOS payload
adbcbd25c8ea90838d16b6169d722cb54303f25a16a97444449a289c6acfcdf7,sha256,12/8/2020,12/8/2020,XOR.DDOS payload
adf3a3c16a08cd3aaa043b49faf5c3cd5656767d6a5645261bf82e9e1fbb4345,sha256,11/6/2020,11/9/2020,XOR.DDOS payload
ae4d7b9d0e02fd48bc9059b57234ac258b4760ff66053b7a2c12d80dec15e13c,sha256,11/4/2020,11/4/2020,XOR.DDOS payload
ae6e96a2986acb0b223e817464fb4490a66899206655427302beafca2db9d617,sha256,11/25/2020,11/25/2020,XOR.DDOS payload
aefd4d759774f2c16b98d4178c9a120ab1f1b517ffbda000ad4aebb88f743c23,sha256,10/16/2020,10/16/2020,XOR.DDOS payload
b2590f6f9581891d40d39c929a1ff650283e7cd4f415ec6ff5962f5492d8476b,sha256,10/31/2020,10/31/2020,XOR.DDOS payload
b279a0df310aaca12a898dfab0af49816aa36fde7762198766676693ead22a4d,sha256,11/10/2020,11/10/2020,XOR.DDOS payload
b2f4810bbbae357a9ec904c52c91b79dd504db4741b2ab1cc875b219fd77ce4a,sha256,11/10/2020,11/10/2020,XOR.DDOS payload
b3aaac4d14fcdf703e4796fc926356f5079d2105fc85d19a0476e8d0170e1f03,sha256,1/3/2021,1/3/2021,XOR.DDOS payload
b41524b2f54bd100382ace23ddfe5508fcd587b8c06fdeafa735fec884ab6620,sha256,1/1/2021,1/1/2021,XOR.DDOS payload
b487ff1834631ef226a8c45daa3a9984f3d36128ae8e3a537c186aaecedbb8da,sha256,12/8/2020,12/8/2020,XOR.DDOS payload
b4a16d76471d5d57d762c3777df9136b48af83381469f10214a2294347a96f2b,sha256,11/24/2020,11/24/2020,XOR.DDOS payload
b5486c9679b7f2a20c545062cebc40c3a7e6827b82f39287a5736f75febbac0a,sha256,10/14/2020,10/14/2020,XOR.DDOS payload
b5db232ed464236b181fb0fe20b4e0d6d7a0d384e1c731cc8b1cbb872a4933c7,sha256,10/27/2020,10/27/2020,XOR.DDOS payload
b5dbf3ea5715163149aa35a9cd4815ef801655cc2c7d7e7b814de6f678f95285,sha256,11/13/2020,11/13/2020,XOR.DDOS payload
b6099acf86da173071f68870192f322f52dcf9aaf8009a3d49c488211a9b311f,sha256,1/7/2021,1/7/2021,XOR.DDOS payload
b6c9eddbac206b7ab50da596753a2e32e37edd438b13df475c662bb14d138fc1,sha256,11/12/2020,11/19/2020,XOR.DDOS payload
b6d0d6cb6479137cd1a6a757542d596e72f68158c562ce659e7d2f8f41e8e933,sha256,12/21/2020,12/21/2020,XOR.DDOS payload
b763fdcb11d56d10a828cb518554fd6375ba1fd4e73a5df90071a6bf42a68277,sha256,10/13/2020,10/13/2020,XOR.DDOS payload
b87e30349e4ea09f29721a6dc9418c8a95688293389682034293eaabd7a2b8c5,sha256,12/10/2020,1/3/2021,XOR.DDOS payload
b907feb5c26358ea08a5ea249b9a1931c7b53c9b1e992f911a071cf552c65ea2,sha256,12/31/2020,12/31/2020,XOR.DDOS payload
b92d2b1151a019c3c1db64fab18004525516f9a163d798b24a5a238a77a404da,sha256,12/9/2020,12/9/2020,XOR.DDOS payload
b98dcc55b05823123ea8c68d81983b420aa4e49c2777f10d1a50940f958df886,sha256,12/8/2020,12/8/2020,XOR.DDOS payload
b9a0208c74fa049e3e3b0ce99096093f3cc988977f86a3357edb5f5d91dd7999,sha256,11/4/2020,11/4/2020,XOR.DDOS payload
ba2bff3b195bc5ba698e1b7345247b06e668e40d8eb4fb5e9541d9f4d3ecb8a2,sha256,12/11/2020,12/11/2020,XOR.DDOS payload
bad6f1934bfe20622c0eeff0827915585d3dafb51585b85cb4375ea276a0c8a2,sha256,11/4/2020,11/4/2020,XOR.DDOS payload
bbbbac8f4a02d21c4643f709e355aa5ed43e98725a5c08742a4b8e295eb6f631,sha256,12/24/2020,12/24/2020,XOR.DDOS payload
bc10a04812750bc1baa394b00cbb0341ad7f6dd7c75404f8b70ab8db14f82e79,sha256,11/24/2020,11/24/2020,XOR.DDOS payload
bc9d87c3c5b93603f24f2092c3d285259b9ae8df03db46d010397c5bf9d2762b,sha256,11/2/2020,11/2/2020,XOR.DDOS payload
bdef60757563a6c521b14899156e4c05af90843a7ea084a8abf306f777e70f42,sha256,12/10/2020,12/10/2020,XOR.DDOS payload
bf7ebdf20c9c00b9bd8be8cb93a3ede34dcd195dc6d6ef5fa91a4a21ec9f0ff8,sha256,12/8/2020,12/8/2020,XOR.DDOS payload
c046ffc0cfa3b0c19270d2826f3cde9dfae63088e2830d55776788ce94e8b8fb,sha256,11/10/2020,11/10/2020,XOR.DDOS payload
c08ef2bb378b7c746373de8f10fda28cdbe9d4563280e26c9b0de5a70c7844f5,sha256,11/18/2020,11/18/2020,XOR.DDOS payload
c12e193144bf3a5ec380bcd74731d662d2b3d138620165bec2456126b6566268,sha256,1/7/2021,1/7/2021,XOR.DDOS payload
c16345501bc3fddc27a4c0ada8992fa4fbfd377a9e0670369cd338aaeb2b0034,sha256,11/10/2020,11/10/2020,XOR.DDOS payload
c36ef6baeab07af3bfaa5b7b5dc59c1a0b8243989f51dbbd04ed07c3327bd611,sha256,11/25/2020,11/25/2020,XOR.DDOS payload
c41ce067a841a03ca2ec7934954eacc1421abd11806b4ed8b0b2d54f2b5ce038,sha256,12/20/2020,12/20/2020,XOR.DDOS payload
c4c8972233f001ec47ab2f19c11e11dfb5b8a39d439cff7941b5480da36b5998,sha256,11/12/2020,11/12/2020,XOR.DDOS payload
c4ef377b643a28c6d7f6fa74e95b61cb7662bc1f371554aa86f2d55688181405,sha256,12/8/2020,12/8/2020,XOR.DDOS payload
c67034cfdb6ae0b075da82f787772088ac1ba1f51ebec9639a86babc06ea5195,sha256,10/14/2020,10/14/2020,XOR.DDOS payload
c6a9a1795063b9fa38a8307fc95127a0af848b0e21cc1e40c90d501d73bbca55,sha256,12/3/2020,12/3/2020,XOR.DDOS payload
c7ab7b96b25a6979ae7378d7bb63635b42702303b2b7dd0a6b06545787d17976,sha256,11/2/2020,11/2/2020,XOR.DDOS payload
c7df5bd22cdb2415857e7984df95561b10b3c150243cdeb6bbe1d282b1ffa3e6,sha256,12/16/2020,12/16/2020,XOR.DDOS payload
c8bbe5972cee9cf97a859f07e46b961d3f50575d0372d8c6b57b82527aa7be8c,sha256,1/4/2021,1/4/2021,XOR.DDOS payload
c970c407135f8218242cc8df7aab0ce1b965d74449fec618ee6922605358f66d,sha256,11/25/2020,11/25/2020,XOR.DDOS payload
cb31ffffa96373be147961a7e959a6f1c496b45f394c72b1eb8ab685e58f77df,sha256,11/16/2020,11/16/2020,XOR.DDOS payload
cbb81eabdf7d9d7e324802185fa6b4a9a43776391af4f203d78777c76d57fb66,sha256,1/4/2021,1/4/2021,XOR.DDOS payload
cc38b7ec1707cc0b62e6bbf3cae823cc506d8fb95a5bae99bf62c8cebb615e5b,sha256,12/17/2020,12/17/2020,XOR.DDOS payload
cccb6cb528ef981f6276bc9291047f35afdbd963d0db387740e287383080b701,sha256,11/15/2020,11/15/2020,XOR.DDOS payload
cdc5addc569d2f118d38a31698a1fa097f1e591953c7ac405d48aedfe156ee7a,sha256,12/8/2020,12/8/2020,XOR.DDOS payload
cde5317efd532d724e3cd2275222227b2e462a91794345b71262a02145662f7f,sha256,11/10/2020,11/10/2020,XOR.DDOS payload
ce13f56929e67276b15eec8816e8c543852a08f9b0a09e430d24b38aaee57f5f,sha256,12/19/2020,12/19/2020,XOR.DDOS payload
ce8b34f8313e2425572964cb067baaccf7c1fea99ee828a765766b051cbea601,sha256,11/24/2020,12/13/2020,XOR.DDOS payload
cf701375b915ba990be8e54b568d6bfe61b00398f1e039ef8d623b3949622cff,sha256,10/15/2020,10/15/2020,XOR.DDOS payload
d17dc09936b90c81543699bb89d5d5991aa9432b950d4054c82b44745e741fd6,sha256,11/6/2020,11/9/2020,XOR.DDOS payload
d21d744106385e62bb50bc7d00ce0bce1a25adb410ad83026859b0eb4657a58b,sha256,11/20/2020,11/20/2020,XOR.DDOS payload
d4b23bd323c6cc5426c9086449c97b01a1672b2fda10f7c45e6b1c9efeee3c29,sha256,11/10/2020,11/10/2020,XOR.DDOS payload
d5953a691a71f4f3dee28418c65f02ccae1c3c3a6b7738c37985440138ff36f5,sha256,10/17/2020,10/17/2020,XOR.DDOS payload
d75b3d02a12a5edf6d2afba383c0c4197a53cdbf9b9f8c2066e31b4b41fe6997,sha256,10/18/2020,10/18/2020,XOR.DDOS payload
d960892f6a1c8f090d677bfcf587523066ccbc64e4c319108c03faebdaaa870e,sha256,12/7/2020,12/7/2020,XOR.DDOS payload
d98ff28529a86fa9b99a4b9226399244cfce43a53d48b8f876c3c2b4aaa93859,sha256,12/2/2020,12/2/2020,XOR.DDOS payload
da3d038a95cb558469ee54f695c4be745a50824079c8d377a279a7c46d415aa4,sha256,12/10/2020,12/10/2020,XOR.DDOS payload
da3d8fa4e6b9eebf5cfd84b5de474c6cf7f3327b7f6a038a627a9ac2643920c0,sha256,10/16/2020,10/16/2020,XOR.DDOS payload
dada2af73d9294c3e84dd6db2aee74b23290b7ccc3d3cd5423aff119ddcca6ab,sha256,12/24/2020,12/24/2020,XOR.DDOS payload
dc5b2ac8ae5e58b9256cb6409ecaa574bdd9f93d09edbc23fba00a2f69c6c733,sha256,12/10/2020,12/10/2020,XOR.DDOS payload
dc7a56f51552fb1b9b69f4d1f1204d8a7862691a9f5cd9dd9148b8079b71958b,sha256,12/9/2020,12/9/2020,XOR.DDOS payload
de28204ec21bf8fab43630770b6a3322ba14ac662dfa293476a2267855485365,sha256,12/8/2020,12/8/2020,XOR.DDOS payload
dffac99fd8f7d1f2ebc3606f4877bd774176e09cc75491c80c7f4b94c85acd37,sha256,1/7/2021,1/7/2021,XOR.DDOS payload
e19635381b2d291f2d2217efd78b80ad97d7ef34bfcbf10a4877263cfa7c9669,sha256,11/14/2020,11/29/2020,XOR.DDOS payload
e20ef27a8d45387f5e7386ac0caa5091f5a1e698657400d8b3bcc91f934d6080,sha256,11/28/2020,12/18/2020,XOR.DDOS payload
e2ad212f7dc9c3b3f96e952ea8e514fb34dc5f2bcac763f1981083327cc57837,sha256,10/13/2020,10/13/2020,XOR.DDOS payload
e379460b157cf114b5d932383f6b8369d035159520cad834f478832d37a5114d,sha256,1/9/2021,1/9/2021,XOR.DDOS payload
e3deb2f0f4e78ae4dbeb17d56b38d81f416c6237d767b778c9191f5e59a577ff,sha256,12/20/2020,12/20/2020,XOR.DDOS payload
e422d8a18462937ff0e25a788988fcbd73d234d790340d0f059f84ea234ab4bc,sha256,12/2/2020,12/2/2020,XOR.DDOS payload
e4589ac97c019a18faba925d2c0c561e6eccdd080c46741ab848305e77644c1f,sha256,12/28/2020,12/28/2020,XOR.DDOS payload
e4eefd5dfc7fc013e0b2ba441026f6cf6271e15dd9ad4bb741ca6c10ba0e417d,sha256,12/28/2020,12/28/2020,XOR.DDOS payload
e4f27d57c9c631870f6ccefc4971a94bb6c81628a62d183d21b5d375aac5e663,sha256,10/14/2020,10/14/2020,XOR.DDOS payload
e52d8d56c08914c0f2ac0cd6220cb662727da16a96cda3ab644e758f17fae9e7,sha256,12/30/2020,12/30/2020,XOR.DDOS payload
e54e7be13e8adb08793f32ee3b8630c1daa4367bb27f7fcad3b386421e15421d,sha256,11/9/2020,11/9/2020,XOR.DDOS payload
e68b88b4f38aced3a33924993140b05a6cff3cd5237b0e1baf26a0e392ac55c6,sha256,12/6/2020,12/6/2020,XOR.DDOS payload
e7084d990debbee84c2fa770c2655100ab26b4822349176e62b2a1b94831fa48,sha256,12/28/2020,12/28/2020,XOR.DDOS payload
e7bfed2c6115cab932cfb49566c4e9e851aaca9b00fdb0de0f090ea9f0e1c8a8,sha256,11/4/2020,11/4/2020,XOR.DDOS payload
e7ec496781fe79b594e93bbbd6b0dfc6e276d34da1ff1459dd99c2b42f1f116c,sha256,11/6/2020,11/6/2020,XOR.DDOS payload
e947a060fd95825a06b7c3487ac684332fa70f7852e2e95e3f7bcf6c62158e24,sha256,11/21/2020,11/21/2020,XOR.DDOS payload
e947afc88cd135b7859e9bd66dc73100f285bee6b66d57c67c43b1f47a2c39f8,sha256,11/30/2020,11/30/2020,XOR.DDOS payload
e973a40ae94faa673614e587edb8a1889199cffd26c9be3d38ecd4c3313c730e,sha256,10/23/2020,10/23/2020,XOR.DDOS payload
e99b77c5a469018e9543bff5bf3b1798ae62146b5763979659d951451d7ef77f,sha256,12/27/2020,12/27/2020,XOR.DDOS payload
ea05577321cd59d0a5f86b6750b5ab6fbec81de1c304c41758826209215babec,sha256,12/8/2020,12/8/2020,XOR.DDOS payload
ea05e89d5fefdfdf1e904625bcbaacb68b8a5219c1af00aab8e5a35b93e194da,sha256,10/28/2020,10/28/2020,XOR.DDOS payload
eaa233c85e01a494e48c2a1d2018d1a803af748fe1e5b5eeb7f0fe57ead465a9,sha256,10/20/2020,10/20/2020,XOR.DDOS payload
ead18ac5629816be8fb8413673e57db0bce5aab618dc8ab4c034c0069da63293,sha256,11/23/2020,12/10/2020,XOR.DDOS payload
ebc9627805d0e3ebf8b626e5c95eea7f84e7ba67ef8d3921c1b828edc6191cbe,sha256,11/11/2020,11/11/2020,XOR.DDOS payload
ecc3bb74cf4a02934f2226dc118393d5e0a165f57c28a914d69453a283309944,sha256,11/15/2020,11/15/2020,XOR.DDOS payload
edfa3d8372bb11daeb83fa0675ca87fa538ba49cfd0a353625aea454f486a9b6,sha256,1/6/2021,1/6/2021,XOR.DDOS payload
ef7bfe058780b338100b53e4daf94a692ff1ad44819bad0e2d3a891b2c1498b1,sha256,10/20/2020,10/20/2020,XOR.DDOS payload
efa125a76657dfd99e764f9384d64ed6b8de54e875e13d32f926e080176af072,sha256,11/14/2020,11/14/2020,XOR.DDOS payload
f039bbefc86319ee14dc9aeb7295ec3c4c761e98d0ac11a794ec46723d2cfe3b,sha256,12/8/2020,12/8/2020,XOR.DDOS payload
f0c9db5849b7ffa4907faad7e875ef7b0045266758e41684263b989497465ae6,sha256,10/29/2020,10/29/2020,XOR.DDOS payload
f0df97e81bb7743cb892a411a6afababc5999e26423890016968fae9a8f04ba9,sha256,10/20/2020,10/20/2020,XOR.DDOS payload
f1450ddce5deeb4ed73ef028d7d86e3f51b8f83488acbdf97211c0f5b05925b2,sha256,11/20/2020,11/20/2020,XOR.DDOS payload
f146875f2be77ef8cfe32d405cf867d9dfc7f6bf02207c552fccc79039cb66a3,sha256,11/26/2020,11/26/2020,XOR.DDOS payload
f16e47f3c5a2f3f2c48b2d8631a0af557ae6f56981f4f30dd5f2c521a058385a,sha256,10/25/2020,10/25/2020,XOR.DDOS payload
f2d3c7f7e0d22f2f1838f9f4746de3421d916b896c7ca7e83af198e3aa5c1d6a,sha256,11/19/2020,12/1/2020,XOR.DDOS payload
f3ce4788cf508baed0edf0bb5d92c6bc4c3904fcfe7e59ba73e84f6e4c1fd50a,sha256,1/1/2021,1/1/2021,XOR.DDOS payload
f495cc0ecc0ad365dbc388bdb388c26c92eac4920a5bf446183981e3e575c702,sha256,12/27/2020,12/27/2020,XOR.DDOS payload
f618fe7f8afa999f907300f20f8b9bcac556ecb87193b03c8396ec43e1593628,sha256,11/12/2020,11/12/2020,XOR.DDOS payload
f61af5776a4905e719790f71c97731ad912e65b27eeda42461f7d17c976cd6f1,sha256,11/18/2020,11/18/2020,XOR.DDOS payload
f836558e5a32f42f235e062b13f7d9fe97573815f9df83c8c3fccb752a1884b9,sha256,10/18/2020,10/18/2020,XOR.DDOS payload
f8b4bd6de305c8cce37fac8219d3fc6063bdc69aae6db0fcfcefba9c6aec1c1e,sha256,1/4/2021,1/4/2021,XOR.DDOS payload
fb26e126246cc0b87871ddd21ced1ad44d33baa610feac98162de1ae86f7795c,sha256,11/14/2020,11/14/2020,XOR.DDOS payload
fcf86451d8768ed143c824291393244476a8fbaac52cbaf253dcae9a58c3d0fc,sha256,12/21/2020,12/21/2020,XOR.DDOS payload
fd2ff725c19cd3b2eb974af37985db179f9963d845122ca746b77f94d88b5870,sha256,11/12/2020,11/12/2020,XOR.DDOS payload
fd832530b1e761cdd3d0e3ab5dcc79fba1b29d1ae4765fa043326e3a73a696c4,sha256,11/18/2020,11/18/2020,XOR.DDOS payload
fde6796044fa65011a2eaeb17d3a841cfd8dc840d6152f7515cfe10556ff8259,sha256,11/10/2020,11/10/2020,XOR.DDOS payload
fe28350274f0d3f598124507e87dc45f788f3262457ccbd67475537f6195efbf,sha256,11/16/2020,11/16/2020,XOR.DDOS payload
ffa98dcd07820028a66d710ab0d35a8cbabeb49c23302dec3cefde67f8b6f92d,sha256,11/4/2020,11/4/2020,XOR.DDOS payload
http://154.48.227.89/443,URL,11/14/2020,11/29/2020,download URL
http://98.159.110.69/53,URL,12/10/2020,12/10/2020,download URL
http://98.159.110.44/23,URL,11/13/2020,11/30/2020,download URL
http://98.159.99.26/23,URL,11/13/2020,11/30/2020,download URL
http://98.159.110.44/8080,URL,12/6/2020,12/7/2020,download URL
http://98.159.110.69/3309,URL,12/10/2020,12/15/2020,download URL
http://98.159.110.44/3307,URL,11/18/2020,11/18/2020,download URL
http://98.159.99.92/3307,URL,11/18/2020,11/18/2020,download URL
http://98.159.110.69/3306,URL,12/9/2020,12/9/2020,download URL
http://98.159.110.72/23,URL,12/10/2020,12/18/2020,download URL
http://98.159.110.69/23,URL,12/10/2020,12/18/2020,download URL
http://154.48.227.89/3306,URL,11/20/2020,11/29/2020,download URL
http://98.159.110.44/80,URL,11/15/2020,1/6/2021,download URL
http://154.48.227.89/80,URL,11/15/2020,1/6/2021,download URL
http://154.48.227.89/3308,URL,11/18/2020,11/29/2020,download URL
http://98.159.99.92/3308,URL,11/18/2020,11/29/2020,download URL
http://98.159.110.69/3307,URL,12/10/2020,12/11/2020,download URL
http://98.159.110.69/8080,URL,12/10/2020,12/10/2020,download URL
http://98.159.110.69/443,URL,12/9/2020,1/5/2021,download URL
http://98.159.110.44/21,URL,11/12/2020,12/3/2020,download URL
http://98.159.110.69/8000,URL,12/10/2020,1/3/2021,download URL
http://98.159.110.69/80,URL,12/24/2020,12/24/2020,download URL
http://98.159.110.69/3308,URL,12/10/2020,12/10/2020,download URL
http://112.213.127.156:9393/Linuxaacc,URL,12/7/2020,12/7/2020,download URL
http://98.159.110.69/21,URL,12/10/2020,12/10/2020,download URL
http://154.48.227.89/53,URL,11/14/2020,11/29/2020,download URL
http://222.186.128.172:5523/5530,URL,12/27/2020,12/27/2020,download URL
http://222.186.128.172:5523/5535,URL,12/27/2020,12/27/2020,download URL
http://154.48.227.89/3309,URL,11/18/2020,11/18/2020,download URL
