indicator,Type,first_seen,last_seen,comment
195.133.40.24,ipv4,5/18/2021,6/9/2021,Keksec - infrastructure
45.145.185.83,ipv4,2/11/2021,3/24/2021,Keksec - infrastructure
45.144.225.65,ipv4,3/14/2021,3/16/2021,Keksec - infrastructure
185.224.129.235,ipv4,4/8/2021,5/16/2021,Keksec - infrastructure
45.14.224.127,ipv4,4/27/2021,5/16/2021,Keksec - infrastructure
45.144.225.96,ipv4,2/26/2021,3/4/2021,Keksec - infrastructure
23.95.80.200,ipv4,4/17/2021,5/5/2021,Keksec - infrastructure
206.81.26.46,ipv4,6/5/2021,6/5/2021,Keksec - infrastructure
45.14.224.197,ipv4,4/12/2021,4/12/2021,Keksec - infrastructure
172.245.36.128,ipv4,2/17/2021,2/17/2021,Keksec - infrastructure
185.224.129.224,ipv4,2/9/2021,4/19/2021,Keksec - infrastructure
45.153.203.124,ipv4,2/12/2021,2/24/2021,Keksec - infrastructure
45.153.203.242,ipv4,2/10/2021,2/24/2021,Keksec - infrastructure
b0tz.xyz,domain,4/17/2021,4/22/2021,Keksec - infrastructure
45.14.224.200,ipv4,4/14/2021,5/9/2021,Keksec - infrastructure
164.90.164.132,ipv4,3/15/2021,3/15/2021,Keksec - infrastructure
107.172.156.158,ipv4,5/21/2021,6/7/2021,Keksec - infrastructure
134.122.78.91,ipv4,6/1/2021,6/1/2021,Keksec - infrastructure
185.203.116.7,ipv4,4/8/2021,5/16/2021,Keksec - infrastructure
192.236.146.182,ipv4,5/21/2021,5/21/2021,Keksec - infrastructure
can6dodp.servepics.com,domain,4/27/2021,5/9/2021,Keksec - infrastructure
11e557e139b44494dd243510b398bb2ac1037055c565d25ef86f04773f9b0389,sha256,6/5/2021,6/7/2021,Keksec - Tsunami-Ryuk
5186e96f8ba4b53e1e7807dbc856eca2da17e27a6d5a61f7f1cf90c3772b3401,sha256,6/7/2021,6/7/2021,Keksec - Tsunami-Ryuk
5ac684538c251a271ea9e9d5e17d83479a94628e8a78967efbc0913e1aa7a78e,sha256,5/16/2021,5/16/2021,Keksec - Tsunami-Ryuk
f22eea872bbfe08b76839a00f9b2a8dc7d7987e1023c16ad359f4d01905a8dc1,sha256,5/16/2021,5/16/2021,Keksec - Tsunami-Ryuk
09f13ab69d40e5713973677858241514901a958572756f4afd67c3add995a803,sha256,5/16/2021,5/16/2021,Keksec - Tsunami-Ryuk
6b6449438d14291bbe05498af782b5d6520d9d962f14bddced2d5608a7878040,sha256,5/14/2021,5/14/2021,Keksec - Tsunami-Ryuk
6f79e5f11f632d90a238d56bcfebd18fdf7b5cdec7be3a3b1d2fd30f8fe3061e,sha256,5/14/2021,5/15/2021,Keksec - Tsunami-Ryuk
8fc030d824ba75cca96a31cc314e454119637cedd480c321a43a4bae1ce09c61,sha256,5/16/2021,5/16/2021,Keksec - Tsunami-Ryuk
23a3db4bfbac56160ae3c6ff6e6ab522d4ddbc1ccd0c01338ebf3e75b8cd8da6,sha256,5/16/2021,5/16/2021,Keksec - Tsunami-Ryuk
ed8b504fde6e191c93491ad6adbe0b5c55fa2d5aa466a24d31061ce28ca60ea2,sha256,5/16/2021,5/16/2021,Keksec - Tsunami-Ryuk
3417c847e456d947dd4ea91011fc774684c44a8e7eeb8cb52c4a2a91db1aec7f,sha256,5/14/2021,5/14/2021,Keksec - Tsunami-Ryuk
c56750befebdf6413485ee4446fe34bc6af7b30919ec1f15ea8240d1e8ae9559,sha256,5/21/2021,5/22/2021,Keksec - Tsunami-Ryuk
34531b24119b39132395adbc2bd108604b4b9c6d391096e12b4199edc2b0e782,sha256,5/20/2021,5/20/2021,Keksec - Tsunami-Ryuk
4811aacbdd13ed17216269f3b19f8035efdaacc52a07b88799c92142038a3e89,sha256,5/16/2021,5/17/2021,Keksec - Tsunami-Ryuk
bf77d4f6c08ef35afa511366be286dd0f2af136326a87ed4a1f0ace8a1edeb56,sha256,5/14/2021,5/15/2021,Keksec - Tsunami-Ryuk
083219b796b9ffa7332fa74de456a354ad0e119dcefc212d4213bee2bc8c1dd3,sha256,5/14/2021,5/14/2021,Keksec - Tsunami-Ryuk
276680c499e417646386b6e5f401aac7ac4d9e305a110cdb8564873dda159cbb,sha256,5/16/2021,5/16/2021,Keksec - Tsunami-Ryuk
37ee27de2baafd426ff8fa9533985a29bfd72444386355b97c6eee3e73396164,sha256,5/14/2021,5/15/2021,Keksec - Tsunami-Ryuk
b9243f712de2ef45f334116d7f8a740eda46f62b0e09e61b3716849a158ec590,sha256,5/16/2021,5/16/2021,Keksec - Tsunami-Ryuk
c9287fd3e6565eecce18750be3bb1dee7a4101fa6acca0a2f0a7a0ee7c94797a,sha256,5/14/2021,5/16/2021,Keksec - Tsunami-Ryuk
89d1a8e5b8128e7cc7885af12b228b240d62b549eaa74a741f481d19f4e5387f,sha256,5/14/2021,5/15/2021,Keksec - Tsunami-Ryuk
f131d629f3ad40aac9b41a7c4a47bfe3c410ec02a40625cb45ad460ce8f24aa7,sha256,5/16/2021,5/16/2021,Keksec - Tsunami-Ryuk
ad286a19045064917ba699e6b77565d72ae6cc275edb8999b0c3ff2ab49e4113,sha256,5/4/2021,5/4/2021,Keksec - Simps
336534e7155c3e1aec02d7b679e93aa27f2988dc4406e55adda09a4460addc77,sha256,5/4/2021,5/5/2021,Keksec - Simps
5bad39eb821ce85b451b05ad19fdeb2dda029c277efb85314cb00b0990f01b0b,sha256,4/27/2021,5/4/2021,Keksec - Simps
faa9d7fe60afae3e83faa20d40a1d43ca453872ad3cbd45b8db7c8e922ab569d,sha256,4/12/2021,4/12/2021,Keksec - Simps
dff82b44d591abec155ddb5dad7017281be9eb558be3edafb03d34bece6edfdb,sha256,4/19/2021,4/20/2021,Keksec - Simps
7dfedf606c41f2534ab2abf1a76c7fc2e296411baa9716e258ebed09b75fa6b1,sha256,5/4/2021,5/4/2021,Keksec - Simps
cedb51c897624af266bdd32aeb00f2735b5947677290bb073a3bca572b90c274,sha256,4/18/2021,4/18/2021,Keksec - Simps
48f32cf9b6ba28ba16de6438e6b0b38b333dd7cc18a0cef525f01736785f1838,sha256,4/12/2021,4/12/2021,Keksec - Simps
5a7621048123929ed15e97e2116f98130564d6c3c550ab8def7b367cb3fb0d7a,sha256,4/18/2021,4/18/2021,Keksec - Simps
3ad1eef8b0d0d2db3445a7a4325420bc5d1d8995ea816c48698caa0ca718e25a,sha256,4/9/2021,4/9/2021,Keksec - Simps
f027c85245e25f4240064e57171fb88c7c42902557ae74f1bece42eec68bd8b9,sha256,4/9/2021,4/9/2021,Keksec - Simps
dbc6d3b3e1648b103a65c28cc656ef144abc6b57c6b1489be9b4cbadc5f96738,sha256,4/9/2021,4/9/2021,Keksec - Simps
39de15329df9257b5e82bef9ba113273ecc1b256d67a0e9eebd76cd4cc97b57b,sha256,4/12/2021,4/14/2021,Keksec - Simps
b45c63ad84464b189bb36d218044e3ba3dfa9fa03a0ecbafd56139bec4453fc2,sha256,4/19/2021,4/20/2021,Keksec - Simps
1ed209e17c99ca6bb91f9548555c51fadb942f374f71b5d7feed3f2642ebff4b,sha256,4/27/2021,4/27/2021,Keksec - Simps
c4121aaff39798befa751e162c4a94262fd47fe097fe47c9102af82f3f0aad9f,sha256,4/27/2021,4/27/2021,Keksec - Simps
315f317954230100197c094bf11726fae111b7136725a86ec41cf1bdbc7eb1cf,sha256,6/5/2021,6/5/2021,Keksec - Simps
176b17c44dfd9a0a2c136148e1e709e7071f5070bbf0b43fd11a206f79ca8f43,sha256,5/9/2021,5/9/2021,Keksec - Simps
552a0311f1630a6e1b31975203f0dde668163232987a2a3a8157852a57d38668,sha256,4/9/2021,4/9/2021,Keksec - Simps
e17d69d35c4b314e1b78a93c5a841d22878f31cdbe27b61ad3b6f053a1ab558a,sha256,4/9/2021,4/9/2021,Keksec - Simps
a36e1fd4873cc1c5c432efd0fecd5a0bc396c5d9b89c1bb4d888e2bcf5b33623,sha256,4/9/2021,4/9/2021,Keksec - Simps
2aad1b04a80e7a46d725d12bd3a453be53c7d9fb32b738fb9f3d36079a4aa79e,sha256,4/13/2021,4/13/2021,Keksec - Simps
531322065ec763d5ddf7348bfbbdbb1b61bfdcd4bd2006dae37d5f6a82fecda1,sha256,4/18/2021,4/18/2021,Keksec - Simps
de09a7dae69f40dea687adb80ae23a235f2d5841e3e3fa479dcb484c87ed87b9,sha256,5/9/2021,5/9/2021,Keksec - Simps
005b3af5e1e8965ade561a10e7957663e211c5f0b8ce6467aef21d57838c2afc,sha256,6/5/2021,6/5/2021,Keksec - Simps
f9ae8584ac4086821f1c76613e8640781553e3511d115a7026c76eaec7c033a1,sha256,6/5/2021,6/5/2021,Keksec - Simps
d725f6ad222fa88b42c35bf31f733580933f862505b96d02e4601286c842071c,sha256,6/5/2021,6/5/2021,Keksec - Simps
579dfd3a8ee52a049671e8f67e57354f884d220abe928f97b62405587393ce86,sha256,6/5/2021,6/5/2021,Keksec - Simps
3dbb4d3fb00bedc81cef7e13d1a5e38fb7dadbe4347044b73ee0ec56ba810938,sha256,4/12/2021,4/14/2021,Keksec - Simps
87c33510149b73b95eced5d13c56cb22c4730b9995a9a6d789f04127bb75cc75,sha256,4/12/2021,4/12/2021,Keksec - Simps
a2fcf41d13fd547ed4754d1d46235d0b82954f3e82d0913b2f4dabdca099ad06,sha256,4/12/2021,4/12/2021,Keksec - Simps
f96dc372a1723b78f7aa5e49cbaed261f28336fe5fc14fcf795e3a8ca4d8b8cb,sha256,5/4/2021,5/4/2021,Keksec - Simps
4a0f6b4f137233ef78f513807b9cf7e0dbe40b86c28e7f97f8f53ac23c8548e5,sha256,4/27/2021,4/29/2021,Keksec - Simps
f5890b9a291693d7d2aadf355932ffd8fe183b7bcb31cfcc526ae4bfe57eaf4e,sha256,4/9/2021,4/9/2021,Keksec - Simps
39ef52645dd7e43670e0608da672dce428ba59a2ba331be09138522a7db537e1,sha256,4/19/2021,4/20/2021,Keksec - Simps
0aa4e52b3022b91cd9480294d1d49b41a7406b76ddc5bfe9f8242e4265407837,sha256,4/13/2021,4/13/2021,Keksec - Simps
30e43b4832cb4c906d289c4d7e100a410b4718a617af79cc210f5671388ea663,sha256,4/27/2021,4/27/2021,Keksec - Simps
9ed0154d861559c2179be5325a57ea24aa9bfef02490d7a62c68184a02b65372,sha256,5/21/2021,5/21/2021,Keksec - Simps
21a0b511a6f444534c7d2065c2a154cd8d3b0ca2e6cce831c678faa078360795,sha256,4/9/2021,4/9/2021,Keksec - Simps
81a6141e0673d75f5c319e6de4e14a00617cbe95bbf1bcc271518c81199e2ee2,sha256,4/18/2021,4/18/2021,Keksec - Simps
f0a45c1df6f8420c62d45e016885cf58bf71ca45c48cf3f569cd0d5950b783a8,sha256,5/19/2021,5/19/2021,Keksec - Simps
0492b30f47940c37610a548c105712742fa927da03bce553840abc93f0d53e3b,sha256,4/12/2021,4/13/2021,Keksec - Simps
7b52104f716806436a468f870408c147955700df9e75090a8c2e0ae11d67eea0,sha256,4/12/2021,4/12/2021,Keksec - Simps
ed29d7697f666bd3dfe2bdf0a2ad1612503da3a951c3d68b24ff7893f9a7fc2a,sha256,5/4/2021,5/8/2021,Keksec - Simps
3021b1227efd7b19a8987806c610722942af5a2946358b6a24e93fc3e359b1c3,sha256,4/27/2021,5/6/2021,Keksec - Simps
cc70ecec478b1c25a5b08496809d12270a69ce8fccb2a6e28f95f8fcea0bc0ea,sha256,4/27/2021,5/4/2021,Keksec - Simps
c91bacda54bd10b2679ff2d62c7569eb7971278f82f7812a1a43fbe6beae1433,sha256,4/9/2021,4/9/2021,Keksec - Simps
22694768d582bbe3dbb67e31daae0c8972aeda1e28a092685afec01bf5071e04,sha256,4/10/2021,4/10/2021,Keksec - Simps
090a37a096da4abfd78f5a71158020b50114b254dfbca20afecbef095d66a156,sha256,5/19/2021,5/19/2021,Keksec - Simps
95effaff6034b4bc679eff306b1d6783c89b17f8e05caa159f8b509b5d8faddf,sha256,5/3/2021,5/8/2021,Keksec - Simps
18fdfb3074a237f3984204d3545bdda8de9d592927d11deaaf3c5a5dcacd4505,sha256,4/12/2021,4/12/2021,Keksec - Simps
de97df3edea85e687372eeec5c19de02c07a0fa5a7b305a4e8b2b16939e2b2c4,sha256,5/19/2021,5/19/2021,Keksec - Simps
e8a4be488cef0e859f8868ea934f2995231c4a4a1ceaad48de4738066a910a5a,sha256,4/18/2021,4/18/2021,Keksec - Simps
21a007f6a661ce01c66c245d5b5b50d6417a11f60740a156015ae66c4fe13f31,sha256,4/27/2021,4/27/2021,Keksec - Simps
0c1eaf1379f6f86288669363445d8aeb7ed30c884f8f868d9bfc7b9f92318edf,sha256,5/4/2021,5/5/2021,Keksec - Simps
93a313621fc6c9428cf6abf1aa95015aeca609c7a7baf5ad2190a4d034c51555,sha256,4/12/2021,4/12/2021,Keksec - Simps
558c3c7836f9f233f00b5752b0a65d4ec6b9be357244808084597ac5618feb48,sha256,4/8/2021,4/8/2021,Keksec - Simps
19ee46576584dc02ce556c9c0909ba307449fa750a067ca886377b63ed72eb5c,sha256,4/18/2021,4/19/2021,Keksec - Simps
84534273c887653ffd643ea27847c36f8f8d925c5865321ecca765295329696c,sha256,4/12/2021,4/13/2021,Keksec - Simps
bb4c938add98c383470d2878a54dc2a6a76f5122cf4cf91922908694f32af2cf,sha256,5/9/2021,5/11/2021,Keksec - Simps
e5f25f609cc5fe15bc55da1ca5e14176708b54c1d2c5d2b1de3ba2aa03148464,sha256,4/9/2021,4/9/2021,Keksec - Simps
5de6d084194c102d51a80dbf421820d7f975c66270428879d1fc58ba2ab77099,sha256,4/9/2021,4/10/2021,Keksec - Simps
763b7d2531d662980014bdbfb6556ac5935d4dcea1d418c4e1c8470ddee40391,sha256,4/18/2021,4/18/2021,Keksec - Simps
b094f9b501dc17c1419c8b1aeb836a579f3b0060e20d24eb7b429b1992501071,sha256,5/19/2021,5/19/2021,Keksec - Simps
d9bdb3a75d64ef92d44499723ef411f0b3898689e2a143f6da5de274fadac1f5,sha256,4/19/2021,4/20/2021,Keksec - Simps
736407142ccc5333bf9b3c8bfbee1067fa97133e83a5e48a98ead37aeb764c34,sha256,4/27/2021,4/27/2021,Keksec - Simps
04e18b9d8d38ccdcb8ea83c89505adfa1df6a680b4f2a7d70632aada4997042f,sha256,5/4/2021,5/4/2021,Keksec - Simps
396c4aecd1e066094d2cb676b848cb37c628f9715d9cdc63f88f310e2ccb1d99,sha256,4/27/2021,5/3/2021,Keksec - Simps
71f43238759f4710bde4b8e3f5fdc9e4fad7f9914c6c49bf0192c9910e7312d8,sha256,5/19/2021,5/19/2021,Keksec - Simps
a6d96c7eb84dd8b3bce259b50af16c902f4ef3a076df341931d94b3dea7b41fd,sha256,4/12/2021,4/12/2021,Keksec - Simps
dd6eecb2c6c115ad837a14315be0140f99a19679b5ce1cf822b36e0bebf2506e,sha256,5/2/2021,5/2/2021,Keksec - Simps
f021bf6e2ab701110a5b6762ae4a4007dea5566ac63cf221b69f25454cea3aab,sha256,4/27/2021,5/4/2021,Keksec - Simps
b773f11b664ee2e326d79125c348d823c0f48abd15051c04fd69d489eb9470d9,sha256,4/12/2021,4/12/2021,Keksec - Simps
c727c9cd6a2db150432d7a865b63523badb8b6bccc202febd35eefe1bee476d3,sha256,6/5/2021,6/5/2021,Keksec - Simps
70fe1172b79437d55e539f98b175823afa42226a1b159c5fde88ce5630b72f8a,sha256,4/10/2021,4/10/2021,Keksec - Simps
310950a909c967ade85cf95413fbe28a1c63a43a249479adc7f1ba1bda9e2748,sha256,4/12/2021,4/14/2021,Keksec - Simps
2770e91c7f6dd28838b413e98ad17533fc7634fc39229f3533ca24de625ee9ab,sha256,4/27/2021,5/3/2021,Keksec - Simps
96ac60af5ed2325d6464c39ba82e4f529fa34e05fef063274fb10b595b8f5d27,sha256,4/12/2021,4/12/2021,Keksec - Simps
f77b485b775d44628cabb6a03ea3c6edf6a275f8a6f1d80d5ae7d7a7d17571bc,sha256,4/9/2021,4/9/2021,Keksec - Simps
aa44514b916511bdd571bc1411525d96900056dbac5187b29e959f31a14ba358,sha256,4/9/2021,4/9/2021,Keksec - Simps
4d8ac45e422d511adf7c40f1fb2bdcf767477145086d0acd7e216fe352112461,sha256,4/9/2021,4/9/2021,Keksec - Simps
265439fbf479e79d4d0bc369af21100cf7b70e61aed8463724c2f0deccac2eea,sha256,4/12/2021,4/12/2021,Keksec - Simps
87ee3edc6584ed7ef00d9866a2c700a13278635d8190f35caae31b64be578cb1,sha256,5/4/2021,5/6/2021,Keksec - Simps
28cbb0ca6d8b7eed4471f5c6c2d2dfdbfed3acab319523fb3611d3dff539d992,sha256,4/17/2021,4/17/2021,Keksec - Simps
7b254d0213c7e5d5b2babf71fa8170e3a12ddee8be46990454d50cdb6c992655,sha256,4/13/2021,4/13/2021,Keksec - Simps
601fb374cfee398b68c06043cdb103ebf9bce0e59a9d9669267acbfc70f5edf9,sha256,4/12/2021,4/12/2021,Keksec - Simps
654d903e55cb9b05690aeaeb744d2abf26b8733e9fd80cef79ddb8b3d86c2ba3,sha256,4/21/2021,4/23/2021,Keksec - Simps
45dda743b2c85f0bda113a271dad2e27c059bbacbbd083e420bf6777610c1f12,sha256,5/4/2021,5/6/2021,Keksec - Simps
0c01b66159e27fb9205f01e5c5e5890d31b55a44cc72e2b587c678e2ed1c2c73,sha256,4/13/2021,4/13/2021,Keksec - Simps
62785107edd52abf09f0b55ec804bcbfe244e51dad30c6a13eb9e69ee36cd9fe,sha256,4/13/2021,4/13/2021,Keksec - Simps
215aa7c61debb03323b1870a06939e315874d8a72a72cc985b93664c22a07137,sha256,6/5/2021,6/5/2021,Keksec - Simps
83be07e6ff3e8eea852e48a1279b89b811b1d9821d67a6cb3d2303f900470c2c,sha256,6/5/2021,6/5/2021,Keksec - Simps
6228fe09ee7870de5aa8039fe69d832273c2ac80da3950d41047e75517fb21c3,sha256,6/5/2021,6/5/2021,Keksec - Simps
d83d2ad83887428312847b22afbef6feb7e39a4674567c15ad2e2da404ff482e,sha256,4/12/2021,4/13/2021,Keksec - Simps
0376ce8c787450e7193c6c03fe4760820d3a377ce4dba1dd7f57b4be230e369f,sha256,4/12/2021,4/13/2021,Keksec - Simps
6b39c48cd1fb7ce01095f141713e8ba9981ff9f42fb5dc3b04770ec7fa651bf1,sha256,5/19/2021,5/19/2021,Keksec - Simps
fa7d298592ae51735aee2d264516fc03bfbe054aa1a675712c62b5e3398708ec,sha256,5/19/2021,5/19/2021,Keksec - Simps
32ca287aea65b820abedb34b335a2e3c6f27ecb69a82607e9f8b6f47d62d97be,sha256,4/12/2021,4/12/2021,Keksec - Simps
a883cb8e75dcbab873783f539f861c1df2099dca7fb034217195265d88117515,sha256,6/1/2021,6/2/2021,Keksec - Simps
38baf5b505071319261cef6e3de51e129e632a26d340567bda44d779bae8dbb0,sha256,5/19/2021,5/19/2021,Keksec - Simps
1d11113817754514aa84888b2e1a476ddf2da82064f75d4521e70bb076602117,sha256,5/19/2021,5/19/2021,Keksec - Simps
7b34685aa60509128ceb80ac11cdfa5871b7e0ce6ea5631b897d3a9dec0db071,sha256,5/4/2021,5/4/2021,Keksec - Simps
4acd88a5057c70913a4748b8ab6e0bea44415f755df0dc44e51450b6f095894a,sha256,5/19/2021,5/19/2021,Keksec - Simps
8d436e48380a0914ccef593c73afe191b41e24963d1888cf9aba995ac8d0aed2,sha256,4/12/2021,4/12/2021,Keksec - Simps
b1bc0ff1f6b1f17a6011d772628b82eaf0161ba359bc0fbd769fced245e0c296,sha256,6/5/2021,6/5/2021,Keksec - Simps
1afc42e245120c39c0dce29f23dfea823f6b80d6d57cf67d671f104421e3e0cc,sha256,6/5/2021,6/5/2021,Keksec - Simps
e5dc58d465f70eafac199cf747f21c46b21bfb8598ceec7865bbe51d66bc12d9,sha256,6/5/2021,6/5/2021,Keksec - Simps
df94253ed219327bfa2df57038a9851e2ac9ff4eb9dce8f95c497207d16973c2,sha256,6/5/2021,6/5/2021,Keksec - Simps
697a6a045c04e65fcb4ad4d576a1dd013e4f50aa69f0ddd42678a163dcad7f73,sha256,6/5/2021,6/5/2021,Keksec - Simps
14e6ddcd00d75ae614a1f92bfcb11b9c309e6c440f345ee33944a344318f8cbc,sha256,6/5/2021,6/5/2021,Keksec - Simps
fe62f129c8480846c029b996d666913ae7d303653675bd9af08f286ea3fa4591,sha256,4/14/2021,4/15/2021,Keksec - Simps
00b5969f5389664b58ae917ba724172a9989dc7645aeeba189df88ba2e567122,sha256,5/19/2021,5/19/2021,Keksec - Simps
c35c7bbfddc57eefe142d8670c268e115a2a4a00b085441f293ed3e53e7afcae,sha256,4/12/2021,4/12/2021,Keksec - Simps
4538309c86fbd2cdf1f654d6094ad0533db4e8840565804a35c85136e424a740,sha256,4/12/2021,4/12/2021,Keksec - Simps
e462b8ee32a59b5b801357e376ca6eee7dad930e9e0f88b161363b0ceee25589,sha256,4/12/2021,4/12/2021,Keksec - Simps
6f2b37aa916d0a8e43f7729e69aac3e6636168ed3c43cf44d943af62c5a7dc79,sha256,5/22/2021,5/22/2021,Keksec - Simps
95bf4ceda31d3e59f248abff403f0804ea2d9dd052596ba898dcd195ffa066f8,sha256,4/17/2021,4/21/2021,Keksec - Simps
8366c1a16caf32982bf3c68b12f7070c8a3b3f1f64555885833cf72678e9b2d4,sha256,5/4/2021,5/6/2021,Keksec - Simps
462139e5e517df2ce99167e650ebc1c561de3461afbde3cebaf134b7d755ada4,sha256,4/10/2021,4/10/2021,Keksec - Simps
a15012895c3ef1a657f1401424ba89c0f871a43653dbe69c20d2b8e2580a57e1,sha256,5/4/2021,5/4/2021,Keksec - Simps
2cf160f1b5018e26d1e4cee8b8f958c94cd2fd9e88db3e2d32ac94dc1ab7e6f9,sha256,4/12/2021,4/12/2021,Keksec - Simps
68f14652a43b79a5a4b30745fb9a8b2234ee7c239b082a52bfeb4714bb820b6d,sha256,5/19/2021,5/19/2021,Keksec - Simps
42ce930a1170eea23ecab624699ff2b6465579d3601e44684e1312e1f37fb796,sha256,4/27/2021,4/27/2021,Keksec - Simps
d75ec3a5d344154c0a05793740f075a802422be0c6ffc25e4027e9bae2b1421c,sha256,5/4/2021,5/4/2021,Keksec - Simps
28391e33478c0a8b381acb04041e3890eaf17351d511b96c819fbd2ee82eaa41,sha256,4/19/2021,4/22/2021,Keksec - Simps
fde10c6a119b47c7438352e22be2a9e469069a56b3d85937a7ad1d1b6c066588,sha256,4/12/2021,4/12/2021,Keksec - Simps
b2558c6f895844b6c493a05d8d5874e78c2dd4e290289f9952e32b2f6a7e51f0,sha256,4/27/2021,4/27/2021,Keksec - Simps
3722a98f5ad81035b91fe1e8e9220003d568b287fd70beb11dfcb31db4b2e1b6,sha256,5/21/2021,5/21/2021,Keksec - Simps
73b0b0631cbd6f3107a1d65c23e8fca46d38da7abf8f5ca2a7326e92cdcf8132,sha256,5/21/2021,5/21/2021,Keksec - Simps
9f5196af16f05e5f349e0d4908657a16be5613f24bdde86a985827fec193f602,sha256,5/21/2021,5/21/2021,Keksec - Simps
5ea1b2009bcd27b0d73aba03889909b2fac6e39f333d3b33a3aaa0d86d33f922,sha256,5/21/2021,5/21/2021,Keksec - Simps
fca16a2064edb94b4bd0f28095c0e68efabed7fcbf50239addab6f01f2758b7f,sha256,5/21/2021,5/21/2021,Keksec - Simps
fc6272b9842cc5ddced74feaa49732d99953020df9442b0934d64367dc592477,sha256,5/21/2021,5/21/2021,Keksec - Simps
2c55ba1f5744aa0c19641381b0aefacf8b5c677b899397d0c8e9e4a0de233106,sha256,5/21/2021,5/21/2021,Keksec - Simps
da2913e50c6531ea3d87f1879935d15e2a395e5e22c95e7e42cf19f6eb690e39,sha256,5/20/2021,5/20/2021,Keksec - Simps
bd16ee8525c02493e78f21f187db0951299d8b6012d67e3ed7353b3847109fc6,sha256,5/20/2021,5/20/2021,Keksec - Simps
5026738364c27b6b8bcb16075efee6e4cb13555ae1b46cf1efa0e688b5f23cfb,sha256,5/20/2021,5/20/2021,Keksec - Simps
c2d5e54544742b7a1b04cf45047859a10bb90c6945d340120872f575aa866e6d,sha256,5/5/2021,5/21/2021,Keksec - Simps
a9d169a617fad975557ace45ab1198144ea3787baacd795c0e5938b96e9b2b05,sha256,5/21/2021,5/21/2021,Keksec - Simps
432ef9dcdfbae12fd0c4dbd35fc92c6649b12276e6d449c1dbe7d103096c232d,sha256,5/21/2021,5/21/2021,Keksec - Simps
9b8d3183fbd4e6882f778248f99bc9bf3efa21fa617a4fde6df8afd2c1f74d59,sha256,4/9/2021,4/9/2021,Keksec - Simps
7fe1066205f9af68f064c1911b80671dbe57c9783a4f1e4f29ea48a422198443,sha256,5/19/2021,5/19/2021,Keksec - Simps
6bb81196b4bcb7cd27e6d0b91cb189387dbd8f676a8345870aea6d43922c6874,sha256,5/19/2021,5/19/2021,Keksec - Simps
cb87db00887200950536b4ae49ce4b9b77ae60e9883abbb711b652d0175ac764,sha256,4/27/2021,4/27/2021,Keksec - Simps
41c19a9c19394270e0c1318030502545aca94bfe25066739a7c86d0ef25fe491,sha256,4/18/2021,4/18/2021,Keksec - Simps
13ad4a2feb0549470c73a4bad68b6f53fa3e5bcf3449bb7f28b312f515b82303,sha256,4/18/2021,4/18/2021,Keksec - Simps
b1899edc480f47c6b7912337479a3ecded5747de6e4cb46a3c741d109ecfb862,sha256,4/17/2021,4/17/2021,Keksec - Simps
1c4dd823ba136fc4c44901f35a6aa5fbaad9c5f9f7baba705e28a1aeeac374b1,sha256,5/19/2021,5/19/2021,Keksec - Simps
b53ed3fa2687353db1c17c4ae239148b9bef29482d8ce2251e8eaab9ce4facb0,sha256,4/13/2021,4/13/2021,Keksec - Simps
e42bd7c1fb9ad554ce59d19e2c7115933e2e37b2a7b05b7e094d1e3c02c2b69d,sha256,4/24/2021,5/2/2021,Keksec - SimpsX
e10575934107fccfbf05759c86d8aa69376311b520c3d1199e18b782cd4cae0d,sha256,4/25/2021,4/25/2021,Keksec - SimpsX
5880cc2b1122c1b2e4f5c91af400ca22d0643e99335748737fe485a8c18495ae,sha256,4/24/2021,4/24/2021,Keksec - SimpsX
a86f6abca371640e995dcdb2dfca966217c6d8c984f7a6e0eb3eabeacd6d1189,sha256,4/24/2021,5/4/2021,Keksec - SimpsX
6c6928f50eefb99e23574886d3b957ec951ada5970824805bfaf94513fb1ea4c,sha256,4/24/2021,4/30/2021,Keksec - SimpsX
c33b6d11566000e473a55a263bb5388390a759f7472586c6eda3385e46766160,sha256,4/24/2021,4/29/2021,Keksec - SimpsX
fec3d36f595e073ba4a28061de36f9288b0a94c3b818a53d95fcc9b432a8fd7c,sha256,4/24/2021,4/29/2021,Keksec - SimpsX
cb637b2a497c9a3d88cab9204959f470e000610edfea546fc69be271b14ffa49,sha256,4/22/2021,4/22/2021,Keksec - SimpsX
708368113fba3ddd80bfced78ca27963be821944d2172d3125ea53a4cd08afaa,sha256,4/24/2021,4/29/2021,Keksec - SimpsX
33cbbd0761d7d34f040d19f82de8b307ce86a4d8e501dc95ee9fc00416ce38c9,sha256,4/24/2021,4/25/2021,Keksec - SimpsX
77c73d661180e75f8a2744d795430b2f9ff4ca0bca73e944ce79f8cad6ead414,sha256,4/22/2021,4/26/2021,Keksec - SimpsX
f82d616902910392009eef95e9757cac67da205e32537b1ff98d392aaf0262e1,sha256,4/24/2021,5/3/2021,Keksec - SimpsX
616e37a8abf0d8ccc515db7a811dc4fe35f048bc9ba7c4d9502fbc73f30db298,sha256,4/24/2021,5/2/2021,Keksec - SimpsX
f921f1f9bb22dfe00f0d526b2f637b3b79371d043ba1fbda1ffba7a85d9fea9e,sha256,4/24/2021,5/5/2021,Keksec - SimpsX
6688a5a562d26612a30d27775700847333cac2ac446472454a7a8df6fec09a52,sha256,4/24/2021,4/26/2021,Keksec - SimpsX
48f2fa40bd8720b03cb406c7194c254e6e745e7bf42e0ca438d8ef537fb17601,sha256,4/24/2021,4/28/2021,Keksec - SimpsX
9060e9858b818d5af80fc9bc02642fe1c4ec0170382ec12b66ab982524f6fe7c,sha256,4/24/2021,4/27/2021,Keksec - SimpsX
bb19476154e01a05f2ae870ad6548bdcabb6b13cf28ed9a914dab88953383faa,sha256,4/24/2021,5/4/2021,Keksec - SimpsX
60f10ce810e2b7ec91c34766c2a954e17f26c60f471079ab3a83a8a50da99231,sha256,3/3/2021,3/9/2021,Keksec - S1eJ3
3f6395b6ecb57cd3279f60f1ae2a9071b7703fcef522de53050c13517c07f72e,sha256,3/15/2021,3/21/2021,Keksec - S1eJ3
30c289b019ef5fe6e59fccec4b8f323e9e51e361cbce92c578e7027fc52c648e,sha256,5/29/2021,5/29/2021,Keksec - S1eJ3
0be9103170245c277726f6b8765a60f0a2f9e6d3d15c612f03b71e256821bd33,sha256,5/29/2021,5/31/2021,Keksec - S1eJ3
f4a4a3dfa0c381fc581e63e7c5cccadc1d0e936392399fb78a90bd1948636bc7,sha256,5/27/2021,5/28/2021,Keksec - S1eJ3
4876fa9a3f034fc501b717e213932f70f760c8762581b0a74d47733fea0eb741,sha256,5/23/2021,5/25/2021,Keksec - S1eJ3
cb7593c55ded6845bfa6d679978eb55db1134ada397685263f3f15eec13ff46a,sha256,5/27/2021,5/28/2021,Keksec - S1eJ3
2c30d3cc1a0c6787c358f135acd949ebd68279bd4a38fd290eb21fd28e68d795,sha256,3/3/2021,3/8/2021,Keksec - S1eJ3
002b5aea92072e84933c3f7376df8cd8c09d50dc0c3277488e1870baf3d15a07,sha256,3/3/2021,3/9/2021,Keksec - S1eJ3
1641074b5418264fe8b82b7e3855d5210a98fbbdaef63e301f6787dd7a9e8078,sha256,5/23/2021,5/23/2021,Keksec - S1eJ3
367457c3bba2e24f22e7bdac98035008a16d4adff4ffff99a11a30e52e12cd5a,sha256,2/26/2021,2/26/2021,Keksec - S1eJ3
5c8d36b69ff4b15a0a540573e6296d9f5377abd421b9d5debff6afe341848c8e,sha256,2/26/2021,2/26/2021,Keksec - S1eJ3
899cdab9d7f9c41e7ce31ccff8b60496765eb1a9aabc33ca06f7a6564e343c44,sha256,2/26/2021,2/26/2021,Keksec - S1eJ3
ec739a80ce163b392739daf5461873f80d19f46faa507ffa7890604fcd1416fd,sha256,2/26/2021,2/26/2021,Keksec - S1eJ3
7455928bb900afc6ad976d3c5d712a859cf205b921725f1092cfa8f3031e1986,sha256,2/26/2021,2/26/2021,Keksec - S1eJ3
d61a209ca09abe87371ddc24d1f26f8fd2332cc2fd05b868666689c256274f67,sha256,2/26/2021,2/26/2021,Keksec - S1eJ3
2c44073d872b688f3d6aff4e7b269cc80023ea1ba7e445e1d6884890c36a6bed,sha256,5/30/2021,5/31/2021,Keksec - S1eJ3
da8d9c60405ef46f66ef17e8f9e863a0aafeb3479bd9912b300d683a6625dd74,sha256,5/29/2021,5/29/2021,Keksec - S1eJ3
424ac5000b56d9e992b97047023e69394328a3527a0df049cfc0d6a2f9f9ee48,sha256,5/29/2021,5/29/2021,Keksec - S1eJ3
455fa41d28586fc374895080ecea8f917310b607ec51b9a6c45ae59ae4408b60,sha256,2/15/2021,2/15/2021,Keksec - S1eJ3
74a31e6a979302c38ae5225dced7b26aa0ebf1bf63f1c0f4b857907a33e49fa5,sha256,2/15/2021,2/15/2021,Keksec - S1eJ3
cb4e7f6671502d1d560b8311856c3c8f80f680e801a004ae5d8a00b5ec9518f2,sha256,2/15/2021,2/15/2021,Keksec - S1eJ3
72401b0f8be9145eef6b1576f4e88aca1af7b13fbbfe9b5c4f0eb328609d8c70,sha256,2/16/2021,2/16/2021,Keksec - S1eJ3
dea6c8a05722ab1af8acf67548524c8d9d1da71b26e6e7179999d7b46c361a2a,sha256,3/3/2021,3/3/2021,Keksec - S1eJ3
5b23bf9d438419345ae98a2eeaf758b8b7f8d45b45e3d7373327cd174086778f,sha256,5/29/2021,5/29/2021,Keksec - S1eJ3
a4d5564c03a1e6877a499931c5455cdfe46d9fadceccef551e95f22a19d47a0a,sha256,5/30/2021,5/31/2021,Keksec - S1eJ3
875916a7c4bbf6f23c5b202c31493a7226c40168c78fee254559e802051ab3e5,sha256,3/3/2021,3/9/2021,Keksec - S1eJ3
91de71d19c37a257025f1108bc632f8350737a90ffb51cd11c2530cc1f7a1c84,sha256,2/23/2021,2/23/2021,Keksec - S1eJ3
bbf45746bf25c5636d8d0880246178c12b7a83f769c9efd3ae72f76099b40933,sha256,2/23/2021,2/23/2021,Keksec - S1eJ3
4663ebf65dcd4efed3a0f793a01c588c09743b7266f86dd1eb23210c9cd3f49a,sha256,2/23/2021,2/23/2021,Keksec - S1eJ3
4d7ec02fd902a4f095543cebd0814558a2b2d47dc33cb7f4f9155e8eb40cb723,sha256,2/23/2021,2/23/2021,Keksec - S1eJ3
639040254c8c0a679d689be64e84a25049976e68ffe2943028435a81e43c43c2,sha256,3/15/2021,3/21/2021,Keksec - S1eJ3
af4d3711275dde90b92d574a1c7f2d92b44c004ca0272472c67edbeeaf32e521,sha256,3/15/2021,3/21/2021,Keksec - S1eJ3
95153d6359db397a0a4c7d343ecc5f7ebfcb850ed238e379d3b35e36a06163d0,sha256,6/3/2021,6/3/2021,Keksec - S1eJ3
64cfb6977de379165e7c30f870c067f664132317971f3c59b1a7393c62e9854d,sha256,6/3/2021,6/3/2021,Keksec - S1eJ3
499588e148dacc90bf77a81d1e09b3a642b51c6c9b6fa1abcdbee195913004bb,sha256,6/3/2021,6/3/2021,Keksec - S1eJ3
91896728817322756e616c0812ed5e0a9547220ffea7bf4620a9409f89cbd90d,sha256,6/3/2021,6/3/2021,Keksec - S1eJ3
7b75177612072a97413e2fbc4bb8dd4b0049349213768b4b363080cdb15657f0,sha256,6/3/2021,6/3/2021,Keksec - S1eJ3
ee86188fff650cb28d13b1087c096432c6ed2cb69cc5a818153da0fa44ed523b,sha256,5/30/2021,6/2/2021,Keksec - S1eJ3
744562c5f8188b84f72d0a1cb1249a7c7eed19e49957d8ac2b71c67768540e01,sha256,6/2/2021,6/2/2021,Keksec - S1eJ3
77eb1b3c8b8e191bcdb9150badb5f29ffb5878f1fc8b2adbfad496fb0bb97bc1,sha256,6/3/2021,6/3/2021,Keksec - S1eJ3
b076adf81692e30b5ab298b436f688b70f01ffa89336624cf6a900688fb91a19,sha256,5/30/2021,5/31/2021,Keksec - S1eJ3
88e5687057ad5b4321e55a2bc290942f74473857fa3fa26c56a6f5b6163cd534,sha256,5/27/2021,5/28/2021,Keksec - S1eJ3
2c8739dcc0fc88f1a7821551a351e69750124236013896c697844dd8e27a48a6,sha256,5/27/2021,5/27/2021,Keksec - S1eJ3
6f29c6a941744cbfc560baf260bae41d712420cc12da1dcac768de37b584b751,sha256,5/23/2021,5/24/2021,Keksec - S1eJ3
0cc756565b2059060ca74ad7219eac764d9f37e7dbed4e7e948603ada76312cb,sha256,3/15/2021,3/20/2021,Keksec - S1eJ3
9e1eee78c5eef2b6dfd7527251f9c7c9e07a157c139db031daf9edfcd4d2e36d,sha256,3/16/2021,3/21/2021,Keksec - S1eJ3
d15b96ba812ecc3f6c647ace3ae28554faa9ec7c427ac140949ef81d89a7ab85,sha256,3/3/2021,3/10/2021,Keksec - S1eJ3
3de290c34f070fe25c95443ba4a8d26be0058eaf13c31f3a2147d9bb89f1a535,sha256,3/15/2021,3/21/2021,Keksec - S1eJ3
ed847c62cdb09f6d50580e93f9397383def98887c3239e4f240806e5662d71d4,sha256,3/15/2021,3/20/2021,Keksec - S1eJ3
de5c6a99ae0905747db649f57cccebf4db2f548ad7ca264145c139041aaa4792,sha256,5/23/2021,5/24/2021,Keksec - S1eJ3
5059437c92294be809bb96658b0d7e5a1bcb24abc9b268efeb4de340b8ba16f5,sha256,3/16/2021,3/21/2021,Keksec - S1eJ3
f147844512cec48340352154a38420d577625e609d453044272e10e1a6aeac16,sha256,3/15/2021,3/21/2021,Keksec - S1eJ3
f13f2c94e23c2230739de4eade7bd00401c31cbac69f3169379949082b4c967b,sha256,3/15/2021,3/21/2021,Keksec - S1eJ3
6c1acec3c29de537a0c9269baf81d92ca54c75c8485598fad80ef3a32b1448b8,sha256,5/23/2021,5/23/2021,Keksec - S1eJ3
baa6a2c540b98911135e95ea2974b2c8a5e2a2d009ea87beea1e7e8ca9964ece,sha256,5/30/2021,5/31/2021,Keksec - S1eJ3
047dcba9f287bc18c35905bea11970f1ec0bda4a61ee9df3a52609f3dabb48e6,sha256,6/2/2021,6/2/2021,Keksec - S1eJ3
e03669555a63ac574db7ca0d87e8a218d54efbbfaf3bd06f31e3b73c4e4b7b67,sha256,5/27/2021,5/30/2021,Keksec - S1eJ3
8cf3e54dbf3464bb13cf1fee0fffa56461a1a85782ca95c313d2039ae9e1fc8b,sha256,5/29/2021,5/31/2021,Keksec - S1eJ3
5cc05cd400832b48e833f26c9b21296d64065ea790b43700a0ac8e665039f36d,sha256,5/29/2021,5/31/2021,Keksec - S1eJ3
0030c2f26e649b9109d5ff2e264a5ee6eb4011610bffd4646d3bc0cf1f5bf5ec,sha256,6/2/2021,6/2/2021,Keksec - S1eJ3
e758d9ae4dbd33a5626d79d051e3e5673837165f116c0b5d221601943997c2b1,sha256,3/15/2021,3/21/2021,Keksec - S1eJ3
1583460b76ffaa0a1ab304464c3bcc1c346e2f4d9156fcb3713149bf11a10ec3,sha256,3/15/2021,3/20/2021,Keksec - S1eJ3
cc34b8db51cd2c6a0a380ac85e8acba88897a906165cfb81e33ec745b61684ef,sha256,5/23/2021,5/24/2021,Keksec - S1eJ3
07e48d43d2cfbbf0a80f9887ae275d036dc82d822b592e1fb3511c0e98b462a9,sha256,5/23/2021,5/25/2021,Keksec - S1eJ3
e76506bfec0451538c36187f6da05111d869d2cfa6f5fdc93850f86e6981a1b7,sha256,3/3/2021,3/12/2021,Keksec - S1eJ3
ae8a8abe010818c09c2c23bb130a7f82b9d684ffbabb91de9683658d053c22a3,sha256,6/2/2021,6/2/2021,Keksec - S1eJ3
f198ff940579406b542f40226c8126b5abcb126c1f6117d55d06aca98e66154f,sha256,6/5/2021,6/5/2021,Keksec - S1eJ3
2925ca0e560b9139369450c67b2f5b553e950f82a6bdb36189b0ee21df0d0661,sha256,6/5/2021,6/6/2021,Keksec - S1eJ3
497f7d2934c685fa4f1bc96b5ca4eae25c01a72531cc392a56d99db46fa482a1,sha256,6/4/2021,6/5/2021,Keksec - S1eJ3
08059c159d83ac48262dffeef06f70d9821052f899f669a796b1a3eca879562c,sha256,6/5/2021,6/5/2021,Keksec - S1eJ3
9d1f382cc29a8c1328abbb651caf8ff7f9c15efb4d9420081d1aea0d3bee13a4,sha256,6/6/2021,6/7/2021,Keksec - S1eJ3
8cc57248735b816a8e159ca9a30847635d46c19bbfc17a4ca51476bc62bc8bab,sha256,6/4/2021,6/6/2021,Keksec - S1eJ3
1dae1f37b774fa3ad38fac020e9c29053a3f1aa06f114da918fa19db9e245895,sha256,6/4/2021,6/5/2021,Keksec - S1eJ3
113b8c65310883756ba961e29fc1ee043f8755b42042948e5ef32a1f160009d0,sha256,6/6/2021,6/6/2021,Keksec - S1eJ3
da95ab9ef0429b00ef2c0fda826d5d10820fe2493eec836e7e8b8ab94af0b58f,sha256,6/5/2021,6/5/2021,Keksec - S1eJ3
357617740dc114acd459f6963be004b53d7b6c67c7465b41b6ea676c30eaf646,sha256,6/6/2021,6/6/2021,Keksec - S1eJ3
bc01a98f735c8fbf7bb38edd0f423b58ab780334d2408677fc4bb085fbe59637,sha256,6/5/2021,6/5/2021,Keksec - S1eJ3
28a2f283f4a5e51dca40c6665b39239ddd4db37d02742dbc0344c4e429c23055,sha256,6/5/2021,6/5/2021,Keksec - S1eJ3
61eb7a436974be7d43ada4581a0a64034d39d9682bddf50d80b5e09a81eb52e6,sha256,5/23/2021,5/24/2021,Keksec - S1eJ3
c49558152310f2b9782a82f0cdffd95fd5d9067d5c2882897b41606720accb66,sha256,5/27/2021,5/30/2021,Keksec - S1eJ3
78e35939577819b2d5bec691935fee6b510753e2b2c26f7887675db48db75c15,sha256,6/3/2021,6/3/2021,Keksec - S1eJ3
6f92c0b4751396a3d62c7c2bb811e8200dcd4fceedee79fce6fdbdd89e9ef0f1,sha256,6/3/2021,6/3/2021,Keksec - S1eJ3
82361558868db10028fd84c7ef79d5543eef604c7ce70047fb0d1fc2b2f5cbae,sha256,6/3/2021,6/3/2021,Keksec - S1eJ3
2fe0cf3fcd4f30a8dc3e83dc2c2deb28e6e7425b99a6c0092eb5c7793ccbde5b,sha256,6/3/2021,6/3/2021,Keksec - S1eJ3
2b53a005a44567c857694bb87e875293dc7a3e79119e7132ca97bfa303575bdb,sha256,6/2/2021,6/2/2021,Keksec - S1eJ3
a24af918046259aa76a03f2dea0328ba7752d3153575e0f90a580eb56b80539e,sha256,6/4/2021,6/6/2021,Keksec - S1eJ3
ddf60062aca758ff84a522792c24b8d7d95ae32365eae4add6ade8c5991ea4f2,sha256,6/6/2021,6/6/2021,Keksec - S1eJ3
56ef5a2f962c39d9260d4de506be4432cbbccbaf590fa8c6d5cb3570dc47588d,sha256,6/4/2021,6/6/2021,Keksec - S1eJ3
c649e6c2535acc53213ddd2bf3b2af89841d578cef8548e090da89ee00688cba,sha256,6/6/2021,6/6/2021,Keksec - S1eJ3
e09d96d8ca018317590bfd40f54ac72c4ac8420f85110300f4edf77d7b76e8a1,sha256,6/5/2021,6/5/2021,Keksec - S1eJ3
5507fe3ed7cab11934db9478855b571d1637ea03c2dc33b3b33b6b5e1cae9af9,sha256,6/5/2021,6/7/2021,Keksec - S1eJ3
053e3e7f7f8683eec60ba3c9b3bc426f215129e068d37718a210bbbe0e1bcf7b,sha256,6/4/2021,6/4/2021,Keksec - S1eJ3
ad47ba615c91af3cb45659d59aa78de17c1052186831fffb5a1adeec443ca7d7,sha256,6/4/2021,6/6/2021,Keksec - S1eJ3
0def0b0df88a0835213f2e348ff59e960d70b76a5b5aef33b1a1a4154c707be4,sha256,5/18/2021,5/18/2021,Keksec - S1eJ3
427ba626f949dbfffc35a0c23a55d3874deac0f8ca0f050a82354052e923fb32,sha256,5/18/2021,5/18/2021,Keksec - S1eJ3
44352d777f96c24a6542978460a432020a28dfa903f80544b2b782d2c8a1b0a4,sha256,5/18/2021,5/18/2021,Keksec - S1eJ3
b63a6e6981ac9e96abe9deb16d399a6f1d026fe755551ee908e79d699c063247,sha256,5/18/2021,5/18/2021,Keksec - S1eJ3
4765f0e5d353adebd5098680d247a4510ea12671a743d21c32fd55dabc5995f2,sha256,5/18/2021,5/18/2021,Keksec - S1eJ3
b0ccfa6cdbf6189d96de2d072d5ef454e488aab801f1f0f86df9f46257fecd86,sha256,5/18/2021,5/18/2021,Keksec - S1eJ3
58973ca06e871972d192c387e0b71f9c405c4ff9ed0f82d129122ff5a8ce36a5,sha256,5/18/2021,5/18/2021,Keksec - S1eJ3
542c1cc154f2284d89f15584f8b969819677a21c394070dac6dfcd5b635605cf,sha256,5/18/2021,5/18/2021,Keksec - S1eJ3
095cd6d244d2099df47fc56d99229d47f0770ae806ae1594b3aa52095b7a9666,sha256,5/18/2021,5/18/2021,Keksec - S1eJ3
0e1984d7ec6a4e73ee5faf9c77c0a0025c190c61dc7c7178761aa38741cab36e,sha256,5/18/2021,5/18/2021,Keksec - S1eJ3
f9faadadb43bda177d517134d16ec9deb437eac5b4fd522f775fa3c5b5e01c43,sha256,5/18/2021,5/18/2021,Keksec - S1eJ3
a05422f5093ce07066354f8fa7ccfdd242380f01becf42383d72927ca3c32f54,sha256,5/18/2021,5/18/2021,Keksec - S1eJ3
eb59412d7cbefea8b9cb59a7bf06bb970f02e599df3b7d936193f37b29dcdf25,sha256,5/18/2021,5/18/2021,Keksec - S1eJ3
0d51fd3915070d7966d05ee1cfdf0bf6f6ffd37ff1c6f00c2c998a0dad5aa5a1,sha256,3/16/2021,3/22/2021,Keksec - S1eJ3
75aff3c0574ee34ecd5f2f49f45a351f33e1f144ba8029ba646da6467c1269d1,sha256,5/27/2021,5/27/2021,Keksec - S1eJ3
4bbea10f4e457eef278fdbcda366906bdaf6e3c1a03e95c1ffc649aae1d4d8d9,sha256,2/26/2021,2/26/2021,Keksec - S1eJ3
459f8ad2cfa61cd946e44c6fbb29c7b846a7ad4a8532e6fb70b09da25ab0285e,sha256,2/26/2021,2/26/2021,Keksec - S1eJ3
d61f15ba1b869d8c8f77dcbdcad4466fc7011ef9d314d72e583d6c5227ceab8e,sha256,2/26/2021,2/26/2021,Keksec - S1eJ3
3cfeb869c6ac00859dff9f293778bcef788b32ec7ef436f23f92508f86ac335f,sha256,2/26/2021,2/26/2021,Keksec - S1eJ3
592638dd6b0072ed80fd87a1a450b9605d6bfa00e56a1c5044198b21e063bf7c,sha256,5/23/2021,5/25/2021,Keksec - S1eJ3
68b714da14eabf1ae368ac27b70f30f1154fb09c0b1c43867bbd9d3b5c557bd2,sha256,6/3/2021,6/3/2021,Keksec - S1eJ3
51d52fc68861640f7b09afb2faf67c9eaceef8d9aafc1737e557b08b343e5d2a,sha256,6/3/2021,6/3/2021,Keksec - S1eJ3
ac9344f467aaa897b065bea38a5467fa93936825e241b57c9341fed1173af76f,sha256,6/2/2021,6/2/2021,Keksec - S1eJ3
6579c2754ed4f5506c4a147731d137a9ee641253ab520b25639fddfd2a9861f7,sha256,6/3/2021,6/3/2021,Keksec - S1eJ3
1dd367c9bff6b70d05913151e43df4279e9836ead88ca69fc89be9e8fb0022ed,sha256,6/3/2021,6/3/2021,Keksec - S1eJ3
200385894c2153e6112c6682082054a00061656eb9a85f7409684996a545420f,sha256,6/8/2021,6/8/2021,Keksec - S1eJ3
628054eb96d5cbc6eeafc4cd099c06293a74a7623621a6381591979b650eb66a,sha256,6/8/2021,6/8/2021,Keksec - S1eJ3
4d3eb4dbe27abb4556d72458ed580d57cc745a3902eceda59cf6224320205053,sha256,6/8/2021,6/8/2021,Keksec - S1eJ3
10ec99ea044f454ba543a77c24e94aabf06bda76c41751d324a2ee665d806dea,sha256,6/8/2021,6/8/2021,Keksec - S1eJ3
c80bbc734ab964d6ace7d69e9c5d1b7b754acb4ce363e1cad41f3f9561ef80ed,sha256,6/8/2021,6/8/2021,Keksec - S1eJ3
a8c9bb9d8d426372675f3ba7f0c215d5d3820f94280cf617145437cee87fd3ec,sha256,6/8/2021,6/8/2021,Keksec - S1eJ3
54606b054f6beefdcb7197db6a9fbf9b407f6db505ea9307f4853822ee3eb352,sha256,6/8/2021,6/8/2021,Keksec - S1eJ3
bb98c4c08773d5b2d8d27e220dbec7f4ed066609a75362d5a4a6d1d2f1a3393c,sha256,6/8/2021,6/8/2021,Keksec - S1eJ3
bcf304dd827de191228fb8482894fe6ec03df6d7631648451e4be647a26dd8bb,sha256,6/8/2021,6/8/2021,Keksec - S1eJ3
2c265c41abcc4f8e960a5c23c91efbc8317bb4b62a201ca1c4a74bd7ace5ab87,sha256,6/8/2021,6/8/2021,Keksec - S1eJ3
70a440158fc1a549aa046b9c9833aca7782e708fb5725a26c2b8a8c404bee0fd,sha256,3/15/2021,3/30/2021,Keksec - S1eJ3
737cb257f0a39d0860f65069b32745e45ccd73cb7dde03674a8d54553426f2f5,sha256,5/29/2021,5/31/2021,Keksec - S1eJ3
3e5acb8e9791c89fe0cc3c1958d45b670ba42076f0daa948920c753b5074df7b,sha256,5/29/2021,5/30/2021,Keksec - S1eJ3
db66d68a637e0db3cd2ac1687fff0d8d959cb57d29a245455a94b6b32591983e,sha256,5/29/2021,5/29/2021,Keksec - S1eJ3
b2ee7f757b35ce10463ffe6bbaf7372a6388775e47d24f5580fb636154997a12,sha256,5/30/2021,5/30/2021,Keksec - S1eJ3
176cd30e8a4809894039a82ed19b40ab4fc00a2524f3bd6170eb1b19e6cb5295,sha256,5/29/2021,5/29/2021,Keksec - S1eJ3
652589c71720af72f3566c978fa314408ab12a1286b798f2bec2a4f8525e629d,sha256,3/14/2021,3/25/2021,Keksec - S1eJ3
e4db270f3d63b693583815311c155b3f2402d233dc86f2cf226c6799ef93cd92,sha256,5/16/2021,5/16/2021,Keksec - S1eJ3
3f23864a7fce1ccf4c7c9105d312540887409ea7dda7e2bdc137475f26c19bb3,sha256,3/3/2021,3/12/2021,Keksec - S1eJ3
53df757b8ea2ecde71f43f0213f69f0e0cec54b7ae889d9d99d008320396ded0,sha256,3/3/2021,3/10/2021,Keksec - S1eJ3
5a21d40edbb7c91f223573c5d4741649981565408e196f9c92fdf97c0c0c301e,sha256,3/15/2021,3/21/2021,Keksec - S1eJ3
6c8ca8e50a289841d86b1bc3e67ebe0e668c2f9a9b3571fd6d3252c569f216f1,sha256,3/3/2021,3/9/2021,Keksec - S1eJ3
1b93cc77d84643985c57a9b36829eaa309590ea5847ecbee678d3f132dc034eb,sha256,5/27/2021,5/28/2021,Keksec - S1eJ3
8a63822900c95c3e34931ce948e84cc7b5eb4b05a2203f3bff5373a86a98292b,sha256,5/29/2021,5/29/2021,Keksec - S1eJ3
d12f6bbf04cc8d6d32248f2b05bf77ae370753a7e0f1d5823555d6d0c0f5ee58,sha256,5/30/2021,5/31/2021,Keksec - S1eJ3
8b7baf54900bdcfdbb50d12238ac98e23d4d63de1dff3b940363a3184599afa8,sha256,5/29/2021,5/30/2021,Keksec - S1eJ3
d6f0c1e462f8e4df443eb8a5f027d71c8c0f1cb12d1ed89441507e2f89850ce1,sha256,6/2/2021,6/2/2021,Keksec - S1eJ3
e52452fd416d42a05761afba5209ca8f15f7a33a0efe5786e703b9688e6b04f9,sha256,3/15/2021,3/21/2021,Keksec - S1eJ3
3d25c583bac38bd6a0d4ac4d31e7cae762e2bde79388dbf08049bf6cf118e195,sha256,3/16/2021,3/21/2021,Keksec - S1eJ3
930ce8852a583e1cce14016f35122d8b0e70901a45967d286d9dd682c08a7673,sha256,6/6/2021,6/6/2021,Keksec - S1eJ3
7e66a4cf50ff45557f45f19f2e6a1ee243e624807ec4bd37d68bf363ebeb29c0,sha256,6/6/2021,6/6/2021,Keksec - S1eJ3
cf01467ee36b77ae7f6132275de6256e2406f23dcc57ddeb6a6b1468050c461a,sha256,6/7/2021,6/7/2021,Keksec - S1eJ3
fb51da933749060f6a2832c96e7d70b826f12be0189a50ba3397857f7fc6f4ec,sha256,6/5/2021,6/5/2021,Keksec - S1eJ3
39a5ac299762ecbfc246c8f216612ab255ff7f34580cc291aa9a5e79a48ab595,sha256,6/4/2021,6/6/2021,Keksec - S1eJ3
75250386f08039b33c5e2248c956cb1059a38fb1e27697a7aa274e9474c3fd69,sha256,6/6/2021,6/6/2021,Keksec - S1eJ3
861b27f46f0f03cfa456e25c5e6478871371fbe47028689767bf5d9984dcc05a,sha256,6/5/2021,6/7/2021,Keksec - S1eJ3
51ab0190ecfbe94b228b9ad87aae4f9c3c15bc47dd418d7d17c0472ab7a4df88,sha256,6/4/2021,6/5/2021,Keksec - S1eJ3
6884e383b766bd5d912740283086f786085be0cc21a1510b7bdedd0887c5bbe4,sha256,6/4/2021,6/5/2021,Keksec - S1eJ3
4341020925956d3e385a78fcfd1ab8151c0e28499ebb8c75a38df2c220b611d8,sha256,6/4/2021,6/6/2021,Keksec - S1eJ3
01526ad322ef9d607b439733009890cc00dd69034b6386ebee6b0b4133f58cf0,sha256,6/6/2021,6/6/2021,Keksec - S1eJ3
f3e80d6e4838d1eabb24561bc43f8b590369259c034222fc501c1d478752e486,sha256,6/5/2021,6/5/2021,Keksec - S1eJ3
1f10c6ab06421aa3ada49c0493545979d11e714151140ee4e6373b0afff2e672,sha256,6/4/2021,6/5/2021,Keksec - S1eJ3
c84cd80e5780b235c4f917f09d4a4e7db7abf91ad4f49bb3f45c34797698eb18,sha256,6/5/2021,6/5/2021,Keksec - S1eJ3
1a563b65d532285c92a111bd8fa27f3721cf63cf395f64c065485f294da15349,sha256,6/4/2021,6/4/2021,Keksec - S1eJ3
0e7b7b43e03c55d9dccfa7ab7ce6c896a74144c462c1c863baed8e3aecb60f92,sha256,6/6/2021,6/6/2021,Keksec - S1eJ3
5d1b4c14eb33860bd3b272396a66f59fe900ed4e475f4226d524da247d9e6706,sha256,3/16/2021,3/21/2021,Keksec - S1eJ3
fd541f4d1b0602055c00734d09d95ec0452b96c3323a5edef060c904f21b26df,sha256,2/26/2021,2/26/2021,Keksec - S1eJ3
3cf36040553ecc988c51913df84a03267642d61004923697ea5b886b488066b0,sha256,3/3/2021,3/9/2021,Keksec - S1eJ3
fb818a7422c19c73d5aefb82af1b6288b6194856da59066f1c1ab726a4d08857,sha256,5/29/2021,5/30/2021,Keksec - S1eJ3
67396c637d631d43fbfc45c5248fd90436904cde67858332a557162a1223832d,sha256,6/2/2021,6/2/2021,Keksec - S1eJ3
e8e89ea03a840693855af741675045d8c13b04f5b231b0bb202600f134b93549,sha256,5/29/2021,5/29/2021,Keksec - S1eJ3
9d3e6e7ff13e773882bdbc7a7dc80e9042f4303b4dac44e43ec552c14d315a9c,sha256,5/29/2021,5/29/2021,Keksec - S1eJ3
49e24c2f34c5dec37debefa65a902d2d444fb8f35d713c7c3e6f77bc719fa81d,sha256,5/30/2021,6/1/2021,Keksec - S1eJ3
038f4cedd515b0ff90c28c94a0f2a9a8139f4f6023281265d178b18d68bcac35,sha256,6/2/2021,6/2/2021,Keksec - S1eJ3
aec946a431aad615d62ec957f2dc684023c40f9ba2bb1370fd998aa2b0961903,sha256,5/30/2021,5/31/2021,Keksec - S1eJ3
047ed6c0504b912953fb75647d92bd2c8204c9168a6108e96e68993130126495,sha256,6/2/2021,6/2/2021,Keksec - S1eJ3
ca81c3a8eee0e01f2360f3830ced000b7a1c9737eb9bf6fe3a5b0deef05ae459,sha256,2/26/2021,2/26/2021,Keksec - S1eJ3
6021e85fa05bebfd1f274fcf2d72b2e9d3ae4770ea9b4c76a58f45b24f117a1a,sha256,2/26/2021,2/26/2021,Keksec - S1eJ3
fef8f7d62d7e9ebd78750ac0b628af416f0f5979f1d7ffcbf69a539dec418022,sha256,3/15/2021,3/20/2021,Keksec - S1eJ3
2db31888f30fce0362266ebea14fa63a46cf69e9e0cecac9bd88d6fdac02533d,sha256,3/16/2021,3/25/2021,Keksec - S1eJ3
8278df3aa8363757f1292a2f919185933c64769a61fcfa2cf0dcf8d9924a0479,sha256,3/15/2021,3/21/2021,Keksec - S1eJ3
6f5581d041aa2db8de2d697c44a9d9ae53a9a6a6586f9dfa0fe1eed33b43bd76,sha256,3/15/2021,3/21/2021,Keksec - S1eJ3
53e3770219b71f7228f02af8f543226445e0c84b7e1cca33b57b20930789e85e,sha256,3/24/2021,5/23/2021,Keksec - S1eJ3
45e8e15f7269ed78a37b280f7ab71e8a306a16272cd3383afadb8e4ec8905a9f,sha256,5/16/2021,5/16/2021,Keksec - S1eJ3
1fb5ceb2a62cc16cc49319a5734b73393f94ee659cd9c7423adcc7a89c558682,sha256,5/31/2021,6/1/2021,Keksec - S1eJ3
b24dbc175a40bb4bc805e882320cfdd8187ae4f8f67d7ff828fa70ea6e91fd18,sha256,5/20/2021,5/20/2021,Keksec - S1eJ3
67f6d2e74fc6040cba3f3b852dfb4a5d5c2c83c0e1e6419c12bd26e67aa15a97,sha256,5/20/2021,5/20/2021,Keksec - S1eJ3
c4bf2c5862b94bf989cda521d71a9681e7043aca639adee50103379765771017,sha256,5/20/2021,5/20/2021,Keksec - S1eJ3
0cafe86d0d647730b9c8bddee70ee73f77892a8234d0d89692c3e9bc958089aa,sha256,5/20/2021,5/20/2021,Keksec - S1eJ3
527c9c26352d1f9e121f70450596c43950f84e95f1ef479c0e602cd9cd52b4cf,sha256,5/20/2021,5/21/2021,Keksec - S1eJ3
52dd7421b829642accf180a2dfc26f7e4a8333de4433dbbf9d4261d93c138785,sha256,5/20/2021,5/21/2021,Keksec - S1eJ3
6f187dc517aa47eb831ed302c7a4c633645fb397e95e9ba5b9603747d015bccf,sha256,3/15/2021,3/20/2021,Keksec - S1eJ3
46d1f8f5185ac1f99ceec693bc8f6e3c0217381abe873bc6a37622ba667b3384,sha256,2/23/2021,2/23/2021,Keksec - S1eJ3
71a894de2cccf885ff6449fcc171862750a2b4840b414786f12f9866e9b638c3,sha256,2/23/2021,2/23/2021,Keksec - S1eJ3
eb3444b2dd60cdeaa61a9471b8d3854fdc52060aa4b0fc41fb0f59f594371e44,sha256,2/23/2021,2/23/2021,Keksec - S1eJ3
3f22b9a9c835c6d9cc6761af9d38b861a7758f059e814951f3920f60e7ac83cf,sha256,5/23/2021,5/24/2021,Keksec - S1eJ3
2ac682fb32c414faeed1ff12a1ababeb4fdce94b5a040ee69a1c2cf0cd68809d,sha256,3/16/2021,3/21/2021,Keksec - S1eJ3
4b769371052a8c6e1b1564627cd018238c3f3c0a44bdd8e35fa3e0aee1805e84,sha256,3/16/2021,3/21/2021,Keksec - S1eJ3
a0b432fb9d548dc277db6b19601722df088731b6bd81884272df97c44df976f4,sha256,5/29/2021,5/29/2021,Keksec - S1eJ3
cdea4b376a3e4066d36ea952a1679fa3180670d29a4b27bfa9f86c4327eedcd1,sha256,5/30/2021,5/31/2021,Keksec - S1eJ3
7d098944ac5e113f5f91a7005bbd24ac2007fe76fa6f5052280756dfcbfd36af,sha256,6/3/2021,6/3/2021,Keksec - S1eJ3
b0ed6b83a955302c77c47669869c38bf4e29213d287aacd942ca0523e73d73e3,sha256,6/3/2021,6/3/2021,Keksec - S1eJ3
fbf50e2f2f08689c0accb87dd50983c464b97d4acebfcc4bfcc9fab3ec4a752e,sha256,6/3/2021,6/3/2021,Keksec - S1eJ3
63c8c290b161d706ce7bb0a091e62a74532d564f52fb377416618f439b44d3eb,sha256,6/2/2021,6/2/2021,Keksec - S1eJ3
f49e673bf99d506c5c95539db0572ac379ef3f02323c5d018ca98518dcae3cff,sha256,6/3/2021,6/3/2021,Keksec - S1eJ3
6bd204c30db5c282c308dd1a1eb75c191301e02d4faa63b5e7aa33c393df1dbb,sha256,6/3/2021,6/3/2021,Keksec - S1eJ3
900cc6123a686f96a8eee527ad3cd8dfd98669d175d6fbdb6fd3feabadf8996f,sha256,5/29/2021,5/29/2021,Keksec - S1eJ3
67725b1864e2ffe98f16ea8081c9cae4696f239eb0ef08665e9bc8315a425bd8,sha256,3/15/2021,3/21/2021,Keksec - S1eJ3
c928d4d14173fd4c2b643b376df6ad9a7c40e8d8a9073ced9f29b29c16d429cf,sha256,3/15/2021,3/21/2021,Keksec - S1eJ3
a6454ff254ed0fb9ac99a670bb7e927ad6a4ebd4989fa1d118b7949825eabfdc,sha256,3/16/2021,3/21/2021,Keksec - S1eJ3
b2b934003b9d9bc252b6110ceedde6d832ce6a05343b45fe98ce64c2ca755430,sha256,2/21/2021,2/21/2021,Keksec - S1eJ3
264afb0d51cc47c3989efa5c3a1263cbb97e760c879a3f53baee55c7ce7d929a,sha256,2/20/2021,2/20/2021,Keksec - S1eJ3
bc1b8be22bfdb67b2a117129ba06ebed50c1381933249f0855e811347497b336,sha256,2/20/2021,2/20/2021,Keksec - S1eJ3
a7c80cda3c0496d1157187e8d6f2468807504362075159e355ecc784984da2ec,sha256,2/21/2021,2/21/2021,Keksec - S1eJ3
664b6400894b9b563ca6e5e2bc2d825fe3c548b82d0f6021bae7a6288eff2da5,sha256,2/21/2021,2/21/2021,Keksec - S1eJ3
6630be7f0b6fac876d33fa9b8440f55ab0e7e009e728403c6efcb06488bb3420,sha256,2/21/2021,2/21/2021,Keksec - S1eJ3
1c85bfee9ea7d2a522ce47a4ee0da6321443017e340022456dbdb191485b433d,sha256,2/17/2021,2/17/2021,Keksec - S1eJ3
44b0aa0c1f8131c6d0fe6491c3fa4d651adc76bd3121c0364f79a2265f76c888,sha256,3/16/2021,3/21/2021,Keksec - S1eJ3
7fde30c83ad745088213a2407c7301ae1d307774aacb8cb566d3785d276267ac,sha256,3/15/2021,3/21/2021,Keksec - S1eJ3
756a7bad04e846adfd5207da204e860ad7bde0058f0a421e38b105c520cd5440,sha256,3/16/2021,3/21/2021,Keksec - S1eJ3
7cb178b8dc49b122c9f912a1c0b69c75b0a26897fab647e4ec924b700d8e65e2,sha256,3/16/2021,3/21/2021,Keksec - S1eJ3
d320bcf24e0e5656ef1393f66a94ab7320b5e45ce81dd719f1bdb8e48dac5d9b,sha256,5/18/2021,5/18/2021,Keksec - S1eJ3
0304d87d48f4bd6f05f3c977fe732b8e7b37c97bf1ce132f763236a66f137ebc,sha256,5/20/2021,5/20/2021,Keksec - S1eJ3
34116ed0b673c87f2c68cc702b2826de8fccc089728019815e739c439924a50e,sha256,5/19/2021,5/19/2021,Keksec - S1eJ3
e5c77bca23952fe0e91cc3c53371bce693e881f4f498f7f4f3f19508e1565240,sha256,5/20/2021,5/20/2021,Keksec - S1eJ3
80bd3d5e590a81ec59e741da471ab26004a1e01a968eaa4cb1dced7589fb3fe2,sha256,3/3/2021,3/10/2021,Keksec - S1eJ3
7683d9eee40271190200a04857956bdd257354a7e555719fe3e5565a26379980,sha256,2/23/2021,2/23/2021,Keksec - S1eJ3
9c4c66070c8bd125524d3833b596bba999f85c63ae93f3c753d58c8bd69cff3e,sha256,2/26/2021,2/26/2021,Keksec - S1eJ3
ab7c849472b6ffe96ff35c7da9e7f5c05f58d0deee15646a8e3133f531ec0d2a,sha256,5/23/2021,5/23/2021,Keksec - S1eJ3
baecb7661fe5b9b59844191e2fead2073cdeb179ca0875e786b7b62f5530f252,sha256,3/3/2021,3/5/2021,Keksec - S1eJ3
dedd9020c7d4161d2027d398175f2dceba02ead43a7e21bc7268517f03aacd4d,sha256,3/16/2021,3/21/2021,Keksec - S1eJ3
e2bdf9c125b499024d4160a2113aa6687448caba1a39654daaa03d6d0a249f78,sha256,2/20/2021,2/20/2021,Keksec - S1eJ3
947c7b80e5c55788f440bb3cfa2cf2f552a0c00a1d626dc260c0f5daf4509a1f,sha256,2/17/2021,2/17/2021,Keksec - S1eJ3
8c85eb759556c45fc94ddeef21d2b4d80b5fc8d3f8e50aa04a09baf99a14f18c,sha256,2/23/2021,2/23/2021,Keksec - S1eJ3
b8415d075d9a5171df49ddb0884cd69de749f1a87f5b10b01340b125d840a85d,sha256,5/23/2021,5/24/2021,Keksec - S1eJ3
f36e277bb99eedb3cc7e43aa3a75a9c1142922123553809e4f7b4bf8348de49e,sha256,5/23/2021,5/24/2021,Keksec - S1eJ3
0b1a69adc785348792b5d03088931fb390149c00c2b211425e09616622debd0b,sha256,5/23/2021,5/23/2021,Keksec - S1eJ3
7b274154c56b9337de8e522ac603ef668c01a172113a7df01d79ddaa843525fd,sha256,3/16/2021,3/21/2021,Keksec - S1eJ3
fccd50869ae6912cfe6133d4de86ffa78f02886d77c45919080f2d28d7fe818c,sha256,6/8/2021,6/8/2021,Keksec - S1eJ3
6c1aab0d6b4b6f633f27a1099c22c87beae9d54c787627086b4ca09afaf0a1c1,sha256,6/8/2021,6/8/2021,Keksec - S1eJ3
d449ad96d4bde02137ffb38b7b5bb770837ab50618778d12713264aa297f4e9f,sha256,6/8/2021,6/8/2021,Keksec - S1eJ3
cd5f38640563203d7fcd115f7e5c59fca8c06ca9e9348d70c5a4553b475abcaf,sha256,6/8/2021,6/8/2021,Keksec - S1eJ3
086b76382775a73f1a007ca401695690eae00b6c3a6675952bc4e3ee609ca56d,sha256,6/8/2021,6/8/2021,Keksec - S1eJ3
d1e48fe668f1884acf8173063a0520df80b0e5650941ea03887c92832ccfd4e0,sha256,3/3/2021,3/9/2021,Keksec - S1eJ3
95d9238ca397d93dd85001dd956f5df3104f555a4b1260abf460c9fb3a12f010,sha256,2/20/2021,2/20/2021,Keksec - S1eJ3
624844460d9f48ff842d915198a68ccf6543066a8095f583a18a8ddd614cbd8e,sha256,2/21/2021,2/21/2021,Keksec - S1eJ3
2fef253dd1faddebc888997b6277157a3bf049179f402458646e24c96274a0fb,sha256,2/17/2021,2/17/2021,Keksec - S1eJ3
f2508cde5c5e3d549cf1a18d8e2b39dd72103c5a57a28b6f690ae883f19fad5b,sha256,2/21/2021,2/21/2021,Keksec - S1eJ3
67ae1f095c9cf1c455852142b908362a77ecdeb5a4304ead3e07bd5aebc976df,sha256,2/21/2021,2/21/2021,Keksec - S1eJ3
0e92f8c707aae24f63bce51c97223e456d1a9d2fda02f1f6a3bed595f752c7a7,sha256,2/21/2021,2/21/2021,Keksec - S1eJ3
b12361f6d838d1ee6e0d926ef909bec332b9b303f84048e8c83bbdc6e8b6a258,sha256,6/4/2021,6/5/2021,Keksec - S1eJ3
75ce683763221e4b6f1ed6237c132711da2d8948fa832fd66ee6a2f9975c78f6,sha256,6/6/2021,6/7/2021,Keksec - S1eJ3
59e298b33bec883e88d460034d42f7728e5fe33c1cb1df658a125cca480acab7,sha256,6/4/2021,6/5/2021,Keksec - S1eJ3
d5b678b342e890ec257af0f7da5e4e35019f1a4c0b61cf845de96e049d28fec2,sha256,6/6/2021,6/6/2021,Keksec - S1eJ3
fdc85f2c1628b36e9a339a892e3c0a0f28149830c23494a5d70c778b638ffb56,sha256,5/23/2021,5/23/2021,Keksec - S1eJ3
2918c46aa48edbc8f078b1428e0dc5cd4a84a72bf79b26380b589acc765ec696,sha256,2/20/2021,2/20/2021,Keksec - S1eJ3
5f38aa366744f601410d1d641feed3a211c4d0b0348152aed230f30a97c8a28c,sha256,2/17/2021,2/17/2021,Keksec - S1eJ3
22cd17d526984fa9f965fb5163e8dd5de474101901b7e628419bae64b88b7471,sha256,2/17/2021,2/17/2021,Keksec - S1eJ3
9b493dff158c8fd164afe8bcb60dfef817ba52f2280bcb4ffcc088201502af5b,sha256,2/17/2021,2/17/2021,Keksec - S1eJ3
8f23d3c7f4654d4bd514d69948b034823b0cce142d3d8afad5d87546c753ffde,sha256,2/20/2021,2/20/2021,Keksec - S1eJ3
e23146242270bf5da82da892dda684f81436bf4096e8d75ee248e50928d12aeb,sha256,2/20/2021,2/20/2021,Keksec - S1eJ3
de474569a75bafa19124a610526d037fb84b32b09560824ab0bea0a1cce66882,sha256,2/21/2021,2/21/2021,Keksec - S1eJ3
6fdbe07bf2e044288894e3f2be9b6fb5c085296330f99a69b89b967cba0c35cd,sha256,2/17/2021,2/21/2021,Keksec - S1eJ3
6cbf7341789f04ad6255a1968e1474a3799af403f46015a668be83b9d66a92f8,sha256,2/21/2021,2/21/2021,Keksec - S1eJ3
fc3829537a157b28c95370c48083c3ec84227a5386482be456e980e06a92255b,sha256,2/20/2021,2/20/2021,Keksec - S1eJ3
71cfee3417f7f7202a3b237fae3910f01177b79fb641ea12545bb573bb8d6afb,sha256,3/15/2021,3/21/2021,Keksec - S1eJ3
f418b4a89d393bfc1fbd4ddd8021718b17dd1a29f7b7906c0773560e82fb11ad,sha256,3/15/2021,3/22/2021,Keksec - S1eJ3
e5ece8b91ce30d67c630367f242e331e621dfbcb35f073f27b2874de20e2175d,sha256,5/27/2021,5/27/2021,Keksec - S1eJ3
6c5cf72efcf0101f8cdd4536f06d918aabd79489e30428656884b17a0ef454fb,sha256,3/16/2021,3/22/2021,Keksec - S1eJ3
05dbd62c71b21ab57b5728efc3f653895798f7be174f61954c6fbe4f0e5f46bb,sha256,2/16/2021,2/16/2021,Keksec - S1eJ3
65bc5316677dc4925250119634cd9b39f9343c2446410d34431bf86e1045f57c,sha256,2/16/2021,2/16/2021,Keksec - S1eJ3
f1dcc5398faadc0b34e480c33839291d3e93f8a549584326a65308cc4318d309,sha256,2/16/2021,2/16/2021,Keksec - S1eJ3
7e38bef4f46fc18e85d935d9b12e6a1e4f475608c47b902fb241d79830abb470,sha256,3/15/2021,3/21/2021,Keksec - S1eJ3
cf268744e413dde20899836b99b217e1b0c75e42578d8664e374d2e203b0df5b,sha256,2/21/2021,2/21/2021,Keksec - S1eJ3
89d106ebce7a2314dc0be5e5c817bb50a20732ae6fc6752d0cbaab423090dd2d,sha256,2/21/2021,2/21/2021,Keksec - S1eJ3
803701f428e1a50af160f86f767965d90e6de1164884613aa4091335728fd8fa,sha256,2/17/2021,2/21/2021,Keksec - S1eJ3
c5311e21bee1790e8c856b4daf7bb0136d531c4081e459731749544fc9eecf02,sha256,2/20/2021,2/20/2021,Keksec - S1eJ3
a2d557cbda40ff57c4d0bab561857e011b46abd25ced9bb454dd501f7b13130f,sha256,2/17/2021,2/17/2021,Keksec - S1eJ3
c3f105a6bc18d82299ddeda04fa8e72bcb045f8c9a4f496872871d847c5d5687,sha256,2/21/2021,2/21/2021,Keksec - S1eJ3
cd1ea7b2a6eab562cde1c48b4684950059fe77ab4e08ea75334d41d5524fa034,sha256,2/17/2021,2/17/2021,Keksec - S1eJ3
766dbe33dc38950540e0c3e751c3ec088c3afd1141dfed3a5eff0775891335bd,sha256,2/21/2021,2/21/2021,Keksec - S1eJ3
13422d55fc818c1ed5ae1ea48ece4c8e822c5a17463c2814c2778489a64aae38,sha256,5/29/2021,5/29/2021,Keksec - S1eJ3
5a2facb477c3a1dc1d0ef9ba150351638569110c9afd80a3fb3aa19fed1f2b8c,sha256,2/20/2021,2/20/2021,Keksec - S1eJ3
46175fe980e98da1a88a0da6cee4e73f80a6e7bcddfcf8f32cfe83c5e321236d,sha256,2/20/2021,2/20/2021,Keksec - S1eJ3
d7ac46843c849ede55c09fa1c09e00c3e12a86f2915c66f7b14f06d7ac73346c,sha256,2/17/2021,2/21/2021,Keksec - S1eJ3
e80fef1f7898e727697024fd7ae0a2bf9ea9394afb9547a57a759c66f6d12c15,sha256,2/17/2021,2/18/2021,Keksec - S1eJ3
08814900563bcb4e78b5aae210fa16f816a76a317a1ac3afb5eada286d659e3a,sha256,2/21/2021,2/21/2021,Keksec - S1eJ3
caecc2acc0ade8532cfb351fd423e2d6acb519976f6fb8065763829763691b5f,sha256,2/21/2021,2/21/2021,Keksec - S1eJ3
b4ad785d308dbd48d43d95cd69a2f95387bc45bbd2f01ab3f9dceab30348ff9e,sha256,2/21/2021,2/21/2021,Keksec - S1eJ3
088eb698a0f84f962e0a0f0492f7d5075b15903f887ece5f5c9018ebec842374,sha256,2/20/2021,2/20/2021,Keksec - S1eJ3
df5f60cbba140ca8208c5cac2e7cb52882d8b4403af6141a68284c1aa159d3ed,sha256,2/17/2021,2/17/2021,Keksec - S1eJ3
d55f04b3805460483621459c85bc335a8db81f1b215632df5148912854d2fd7d,sha256,6/3/2021,6/3/2021,Keksec - S1eJ3
5a9efc3926fc01d197ddfac56c3d95116a2239600c1b459e161e0474c80f09cb,sha256,6/3/2021,6/3/2021,Keksec - S1eJ3
b36772e0e7181c43d41c04a14e9e78cf36ca39851080ab387cc2fbd2efcaf904,sha256,6/3/2021,6/3/2021,Keksec - S1eJ3
3283a8762ce462e57c5f4ca2c5f0ee02bb0462ef225347fd7ef90e8d241099e0,sha256,5/27/2021,5/27/2021,Keksec - S1eJ3
db11b42a4d7d1cb89e68c48631407a2c0ae99b19ba47b9656258c5007e634435,sha256,6/3/2021,6/3/2021,Keksec - S1eJ3
23330c57e849628ed3d410ffc4f43c0185d9660986573297dc8479d620cdb286,sha256,6/3/2021,6/3/2021,Keksec - S1eJ3
6b07f5abc28bc11d4aad55c9e0c6d1f876c9387f7f89ae3f5a69d999ec364d1a,sha256,5/30/2021,5/31/2021,Keksec - S1eJ3
407b657fe7c5028a5b6590a64cb06e93b47167b01da9965856c12bb8166d5f26,sha256,6/3/2021,6/3/2021,Keksec - S1eJ3
41930223eeabf395128a1d01c221d508bf66a92257554042cbe71afe0e39b57f,sha256,6/3/2021,6/3/2021,Keksec - S1eJ3
1c379ad85a28671b4ec6e3c6656b2d0865e12027d830d0ae1485302406c677d2,sha256,6/4/2021,6/5/2021,Keksec - S1eJ3
d2471739b164fa11481a810971443882d84c5d627ab149e5594064c87f46baba,sha256,6/5/2021,6/5/2021,Keksec - S1eJ3
cb0414f3b7b756a3a99cb83086309ed877e297fa1fd1be0c6b7e13888904bbb3,sha256,6/4/2021,6/4/2021,Keksec - S1eJ3
ff4d9aab442592d550fe8f9bf80542185a21556ee6ad14bf71b87219a480d0fb,sha256,6/4/2021,6/6/2021,Keksec - S1eJ3
72fcf68f2d3da4fd965f382acb7c0066020763d5a8d1b3caa75713fdf2932677,sha256,6/6/2021,6/6/2021,Keksec - S1eJ3
75a38ed8cfbad52668ac6ba9ee7c8a48d355f06b778f5d4261fcb2c21a02bab7,sha256,5/29/2021,5/29/2021,Keksec - S1eJ3
e332253589516bbb4a21a831ecbefaabe781fc8ee14f63ac723a11fbd34fee22,sha256,3/16/2021,3/21/2021,Keksec - S1eJ3
83fe4cd6ba446c11ac309dce1f81337fc56c5e34c697fa22727b1613df385c74,sha256,3/16/2021,3/21/2021,Keksec - S1eJ3
447f0fc4007310e66f36210ea6d7a1100f6dcbf49a25d67e575657b67916a76f,sha256,5/30/2021,5/31/2021,Keksec - S1eJ3
e1015525d75ce79b2b5a610a814cf59bca623061e20c40126403d86bcf8df90c,sha256,5/29/2021,5/29/2021,Keksec - S1eJ3
d11d27962d853aa366e3cda045895ee21c0487c8ebca1da1950051d6f2766a89,sha256,6/2/2021,6/2/2021,Keksec - S1eJ3
effeceaa50c9e4778c5f3f354b54a5add8fdb02c8c2af172af47d1c64a6412f7,sha256,5/29/2021,5/29/2021,Keksec - S1eJ3
f2a4d91979526a3baf8da8a9337212fb18a9df15126a41585ee31d88eba5e215,sha256,6/2/2021,6/2/2021,Keksec - S1eJ3
3eda3d36f44130e53bf7b75a6268527c08773db4e4319dee10bfaa043d7a7fe6,sha256,6/3/2021,6/3/2021,Keksec - S1eJ3
2dbb72e82c34f40e725d09503d5f6d20acdb652642955297b2bfd67fafe39b71,sha256,6/3/2021,6/3/2021,Keksec - S1eJ3
71dd160c674ed919f7ac707d9bae112e803b056635c6e7e6bf294dfa0b48dbb7,sha256,5/30/2021,5/30/2021,Keksec - S1eJ3
b88b693a468959d70412bcffcce2673016e61473392743fedb7edee78f1f540f,sha256,6/3/2021,6/3/2021,Keksec - S1eJ3
addafa9ab98148aea880c6c0240a411e432682c4cd8ee08851b9847e366ee56f,sha256,6/3/2021,6/3/2021,Keksec - S1eJ3
17a202b0eadf508e0992e63419e9f8626b90d417b69fdda878592e43a36cb527,sha256,6/3/2021,6/3/2021,Keksec - S1eJ3
7d8f5e26390322a3f48b5295bca5ff7697cad97b4975f958af40611043583d3e,sha256,5/27/2021,5/28/2021,Keksec - S1eJ3
1dcfe46c13630d28a7ec435f55b65f941870563b5b77aac942f73519b3bb022d,sha256,6/3/2021,6/3/2021,Keksec - S1eJ3
c4578ebd85893611e9181db30a9fcf37b4c946b9c44ea9b7e04d4dc77122be75,sha256,5/30/2021,5/31/2021,Keksec - S1eJ3
3c8b075e02e92236dbf84ba1c74dd7a376178e283047c586dc5a15cf976fc02e,sha256,3/15/2021,3/21/2021,Keksec - S1eJ3
